"","scri_sample_id","sample_type","fc","fc_methodf","fc_methodm","fc_methodc"
"1","leau_853","grabsample",49,"sm9222e","sm9222","membranefiltration"
"2","leau_854","grabsample",170,"sm9222e","sm9222","membranefiltration"
"3","leau_862","grabsample",110,"sm9222e","sm9222","membranefiltration"
"4","leau_865","grabsample",280,"sm9222e","sm9222","membranefiltration"
"5","leau_866","grabsample",2400,"sm9222e","sm9222","membranefiltration"
"6","leau_867","grabsample",31,"sm9222e","sm9222","membranefiltration"
"7","leau_857","grabsample",920,"sm9222e","sm9222","membranefiltration"
"8","leau_860","grabsample",23,"sm9222e","sm9222","membranefiltration"
"9","leau_868","grabsample",1600,"sm9222e","sm9222","membranefiltration"
"10","leau_870","grabsample",70,"sm9222e","sm9222","membranefiltration"
"11","leau_625","grabsample",110,"sm9222e","sm9222","membranefiltration"
"12","leau_626","grabsample",920,"sm9222e","sm9222","membranefiltration"
"13","leau_632","grabsample",33,"sm9222e","sm9222","membranefiltration"
"14","leau_633","grabsample",13,"sm9222e","sm9222","membranefiltration"
"15","leau_635","grabsample",540,"sm9222e","sm9222","membranefiltration"
"16","leau_639","grabsample",33,"sm9222e","sm9222","membranefiltration"
"17","leau_641","grabsample",540,"sm9222e","sm9222","membranefiltration"
"18","leau_648","grabsample",49,"sm9222e","sm9222","membranefiltration"
"19","leau_649","grabsample",46,"sm9222e","sm9222","membranefiltration"
"20","leau_340","grabsample",9,"sm9222e","sm9222","membranefiltration"
"21","leau_341","grabsample",350,"sm9222e","sm9222","membranefiltration"
"22","leau_365","grabsample",2400,"sm9222e","sm9222","membranefiltration"
"23","leau_347","grabsample",170,"sm9222e","sm9222","membranefiltration"
"24","leau_349","grabsample",49,"sm9222e","sm9222","membranefiltration"
"25","leau_350","grabsample",22,"sm9222e","sm9222","membranefiltration"
"26","leau_352","grabsample",79,"sm9222e","sm9222","membranefiltration"
"27","leau_364","grabsample",170,"sm9222e","sm9222","membranefiltration"
"28","leau_348","grabsample",49,"sm9222e","sm9222","membranefiltration"
"29","leau_356","grabsample",130,"sm9222e","sm9222","membranefiltration"
"30","leau_53","grabsample",330,"sm9222e","sm9222","membranefiltration"
"31","leau_54","grabsample",33,"sm9222e","sm9222","membranefiltration"
"32","leau_55","grabsample",330,"sm9222e","sm9222","membranefiltration"
"33","leau_56","grabsample",230,"sm9222e","sm9222","membranefiltration"
"34","leau_57","grabsample",330,"sm9222e","sm9222","membranefiltration"
"35","leau_52","grabsample",220,"sm9222e","sm9222","membranefiltration"
"36","leau_59","grabsample",130,"sm9222e","sm9222","membranefiltration"
"37","leau_58","grabsample",2300,"sm9222e","sm9222","membranefiltration"
"38","leau_852","grabsample",79,"sm9222e","sm9222","membranefiltration"
"39","leau_856","grabsample",20,"sm9222e","sm9222","membranefiltration"
"40","leau_864","grabsample",22,"sm9222e","sm9222","membranefiltration"
"41","leau_872","grabsample",490,"sm9222e","sm9222","membranefiltration"
"42","leau_877","grabsample",33,"sm9222e","sm9222","membranefiltration"
"43","leau_882","grabsample",540,"sm9222e","sm9222","membranefiltration"
"44","leau_855","grabsample",2400,"sm9222e","sm9222","membranefiltration"
"45","leau_869","grabsample",130,"sm9222e","sm9222","membranefiltration"
"46","leau_871","grabsample",220,"sm9222e","sm9222","membranefiltration"
"47","leau_875","grabsample",130,"sm9222e","sm9222","membranefiltration"
"48","leau_880","grabsample",920,"sm9222e","sm9222","membranefiltration"
"49","leau_627","grabsample",130,"sm9222e","sm9222","membranefiltration"
"50","leau_628","grabsample",13,"sm9222e","sm9222","membranefiltration"
"51","leau_629","grabsample",2400,"sm9222e","sm9222","membranefiltration"
"52","leau_631","grabsample",280,"sm9222e","sm9222","membranefiltration"
"53","leau_636","grabsample",2400,"sm9222e","sm9222","membranefiltration"
"54","leau_637","grabsample",79,"sm9222e","sm9222","membranefiltration"
"55","leau_638","grabsample",130,"sm9222e","sm9222","membranefiltration"
"56","leau_644","grabsample",130,"sm9222e","sm9222","membranefiltration"
"57","leau_645","grabsample",540,"sm9222e","sm9222","membranefiltration"
"58","leau_653","grabsample",79,"sm9222e","sm9222","membranefiltration"
"59","leau_643","grabsample",50,"sm9222e","sm9222","membranefiltration"
"60","leau_339","grabsample",130,"sm9222e","sm9222","membranefiltration"
"61","leau_342","grabsample",540,"sm9222e","sm9222","membranefiltration"
"62","leau_343","grabsample",4,"sm9222e","sm9222","membranefiltration"
"63","leau_344","grabsample",170,"sm9222e","sm9222","membranefiltration"
"64","leau_345","grabsample",240,"sm9222e","sm9222","membranefiltration"
"65","leau_346","grabsample",110,"sm9222e","sm9222","membranefiltration"
"66","leau_351","grabsample",240,"sm9222e","sm9222","membranefiltration"
"67","leau_359","grabsample",20,"sm9222e","sm9222","membranefiltration"
"68","leau_360","grabsample",220,"sm9222e","sm9222","membranefiltration"
"69","leau_367","grabsample",70,"sm9222e","sm9222","membranefiltration"
"70","leau_379","grabsample",220,"sm9222e","sm9222","membranefiltration"
"71","leau_63","grabsample",230,"sm9222e","sm9222","membranefiltration"
"72","leau_64","grabsample",23,"sm9222e","sm9222","membranefiltration"
"73","leau_65","grabsample",23,"sm9222e","sm9222","membranefiltration"
"74","leau_67","grabsample",23,"sm9222e","sm9222","membranefiltration"
"75","leau_68","grabsample",8,"sm9222e","sm9222","membranefiltration"
"76","leau_69","grabsample",23,"sm9222e","sm9222","membranefiltration"
"77","leau_70","grabsample",79,"sm9222e","sm9222","membranefiltration"
"78","leau_71","grabsample",33,"sm9222e","sm9222","membranefiltration"
"79","leau_61","grabsample",790,"sm9222e","sm9222","membranefiltration"
"80","leau_66","grabsample",23,"sm9222e","sm9222","membranefiltration"
"81","leau_60","grabsample",4900,"sm9222e","sm9222","membranefiltration"
"82","leau_62","grabsample",79,"sm9222e","sm9222","membranefiltration"
"83","leau_858","grabsample",70,"sm9222e","sm9222","membranefiltration"
"84","leau_859","grabsample",110,"sm9222e","sm9222","membranefiltration"
"85","leau_863","grabsample",49,"sm9222e","sm9222","membranefiltration"
"86","leau_874","grabsample",20,"sm9222e","sm9222","membranefiltration"
"87","leau_630","grabsample",2,"sm9222e","sm9222","membranefiltration"
"88","leau_640","grabsample",11,"sm9222e","sm9222","membranefiltration"
"89","leau_646","grabsample",33,"sm9222e","sm9222","membranefiltration"
"90","leau_634","grabsample",49,"sm9222e","sm9222","membranefiltration"
"91","leau_354","grabsample",33,"sm9222e","sm9222","membranefiltration"
"92","leau_355","grabsample",33,"sm9222e","sm9222","membranefiltration"
"93","leau_358","grabsample",20,"sm9222e","sm9222","membranefiltration"
"94","leau_353","grabsample",170,"sm9222e","sm9222","membranefiltration"
"95","leau_72","grabsample",4900,"sm9222e","sm9222","membranefiltration"
"96","leau_73","grabsample",5,"sm9222e","sm9222","membranefiltration"
"97","leau_74","grabsample",2300,"sm9222e","sm9222","membranefiltration"
"98","leau_75","grabsample",79,"sm9222e","sm9222","membranefiltration"
"99","leau_76","grabsample",49,"sm9222e","sm9222","membranefiltration"
"100","leau_77","grabsample",31,"sm9222e","sm9222","membranefiltration"
"101","leau_78","grabsample",79,"sm9222e","sm9222","membranefiltration"
"102","leau_79","grabsample",130,"sm9222e","sm9222","membranefiltration"
"103","leau_80","grabsample",1300,"sm9222e","sm9222","membranefiltration"
"104","leau_873","grabsample",170,"sm9222e","sm9222","membranefiltration"
"105","leau_878","grabsample",20,"sm9222e","sm9222","membranefiltration"
"106","leau_883","grabsample",490,"sm9222e","sm9222","membranefiltration"
"107","leau_896","grabsample",230,"sm9222e","sm9222","membranefiltration"
"108","leau_900","grabsample",20,"sm9222e","sm9222","membranefiltration"
"109","leau_879","grabsample",330,"sm9222e","sm9222","membranefiltration"
"110","leau_886","grabsample",50,"sm9222e","sm9222","membranefiltration"
"111","leau_887","grabsample",130,"sm9222e","sm9222","membranefiltration"
"112","leau_891","grabsample",230,"sm9222e","sm9222","membranefiltration"
"113","leau_861","grabsample",33,"sm9222e","sm9222","membranefiltration"
"114","leau_885","grabsample",80,"sm9222e","sm9222","membranefiltration"
"115","leau_897","grabsample",130,"sm9222e","sm9222","membranefiltration"
"116","leau_642","grabsample",49,"sm9222e","sm9222","membranefiltration"
"117","leau_647","grabsample",110,"sm9222e","sm9222","membranefiltration"
"118","leau_650","grabsample",50,"sm9222e","sm9222","membranefiltration"
"119","leau_651","grabsample",330,"sm9222e","sm9222","membranefiltration"
"120","leau_656","grabsample",70,"sm9222e","sm9222","membranefiltration"
"121","leau_658","grabsample",50,"sm9222e","sm9222","membranefiltration"
"122","leau_662","grabsample",310,"sm9222e","sm9222","membranefiltration"
"123","leau_670","grabsample",20,"sm9222e","sm9222","membranefiltration"
"124","leau_652","grabsample",40,"sm9222e","sm9222","membranefiltration"
"125","leau_671","grabsample",310,"sm9222e","sm9222","membranefiltration"
"126","leau_372","grabsample",20,"sm9222e","sm9222","membranefiltration"
"127","leau_373","grabsample",230,"sm9222e","sm9222","membranefiltration"
"128","leau_357","grabsample",110,"sm9222e","sm9222","membranefiltration"
"129","leau_361","grabsample",20,"sm9222e","sm9222","membranefiltration"
"130","leau_362","grabsample",79,"sm9222e","sm9222","membranefiltration"
"131","leau_363","grabsample",33,"sm9222e","sm9222","membranefiltration"
"132","leau_368","grabsample",20,"sm9222e","sm9222","membranefiltration"
"133","leau_369","grabsample",2400,"sm9222e","sm9222","membranefiltration"
"134","leau_370","grabsample",33,"sm9222e","sm9222","membranefiltration"
"135","leau_386","grabsample",220,"sm9222e","sm9222","membranefiltration"
"136","leau_390","grabsample",33,"sm9222e","sm9222","membranefiltration"
"137","leau_81","grabsample",46,"sm9222e","sm9222","membranefiltration"
"138","leau_82","grabsample",490,"sm9222e","sm9222","membranefiltration"
"139","leau_83","grabsample",460,"sm9222e","sm9222","membranefiltration"
"140","leau_84","grabsample",2300,"sm9222e","sm9222","membranefiltration"
"141","leau_85","grabsample",79,"sm9222e","sm9222","membranefiltration"
"142","leau_86","grabsample",5,"sm9222e","sm9222","membranefiltration"
"143","leau_87","grabsample",11,"sm9222e","sm9222","membranefiltration"
"144","leau_88","grabsample",11,"sm9222e","sm9222","membranefiltration"
"145","leau_89","grabsample",330,"sm9222e","sm9222","membranefiltration"
"146","leau_90","grabsample",23,"sm9222e","sm9222","membranefiltration"
"147","leau_876","grabsample",60,"sm9222e","sm9222","membranefiltration"
"148","leau_881","grabsample",27,"sm9222e","sm9222","membranefiltration"
"149","leau_888","grabsample",79,"sm9222e","sm9222","membranefiltration"
"150","leau_889","grabsample",20,"sm9222e","sm9222","membranefiltration"
"151","leau_890","grabsample",350,"sm9222e","sm9222","membranefiltration"
"152","leau_893","grabsample",1100,"sm9222e","sm9222","membranefiltration"
"153","leau_894","grabsample",70,"sm9222e","sm9222","membranefiltration"
"154","leau_899","grabsample",23,"sm9222e","sm9222","membranefiltration"
"155","leau_907","grabsample",130,"sm9222e","sm9222","membranefiltration"
"156","leau_892","grabsample",540,"sm9222e","sm9222","membranefiltration"
"157","leau_902","grabsample",790,"sm9222e","sm9222","membranefiltration"
"158","leau_898","grabsample",33,"sm9222e","sm9222","membranefiltration"
"159","leau_654","grabsample",110,"sm9222e","sm9222","membranefiltration"
"160","leau_655","grabsample",33,"sm9222e","sm9222","membranefiltration"
"161","leau_657","grabsample",330,"sm9222e","sm9222","membranefiltration"
"162","leau_660","grabsample",13,"sm9222e","sm9222","membranefiltration"
"163","leau_661","grabsample",20,"sm9222e","sm9222","membranefiltration"
"164","leau_663","grabsample",110,"sm9222e","sm9222","membranefiltration"
"165","leau_664","grabsample",2400,"sm9222e","sm9222","membranefiltration"
"166","leau_665","grabsample",49,"sm9222e","sm9222","membranefiltration"
"167","leau_667","grabsample",20,"sm9222e","sm9222","membranefiltration"
"168","leau_672","grabsample",790,"sm9222e","sm9222","membranefiltration"
"169","leau_674","grabsample",110,"sm9222e","sm9222","membranefiltration"
"170","leau_659","grabsample",540,"sm9222e","sm9222","membranefiltration"
"171","leau_371","grabsample",17,"sm9222e","sm9222","membranefiltration"
"172","leau_374","grabsample",40,"sm9222e","sm9222","membranefiltration"
"173","leau_380","grabsample",22,"sm9222e","sm9222","membranefiltration"
"174","leau_383","grabsample",49,"sm9222e","sm9222","membranefiltration"
"175","leau_384","grabsample",110,"sm9222e","sm9222","membranefiltration"
"176","leau_376","grabsample",33,"sm9222e","sm9222","membranefiltration"
"177","leau_378","grabsample",240,"sm9222e","sm9222","membranefiltration"
"178","leau_382","grabsample",11,"sm9222e","sm9222","membranefiltration"
"179","leau_385","grabsample",170,"sm9222e","sm9222","membranefiltration"
"180","leau_387","grabsample",110,"sm9222e","sm9222","membranefiltration"
"181","leau_389","grabsample",94,"sm9222e","sm9222","membranefiltration"
"182","leau_377","grabsample",130,"sm9222e","sm9222","membranefiltration"
"183","leau_91","grabsample",2,"sm9222e","sm9222","membranefiltration"
"184","leau_92","grabsample",490,"sm9222e","sm9222","membranefiltration"
"185","leau_93","grabsample",79,"sm9222e","sm9222","membranefiltration"
"186","leau_94","grabsample",23,"sm9222e","sm9222","membranefiltration"
"187","leau_95","grabsample",330,"sm9222e","sm9222","membranefiltration"
"188","leau_96","grabsample",110,"sm9222e","sm9222","membranefiltration"
"189","leau_97","grabsample",8,"sm9222e","sm9222","membranefiltration"
"190","leau_98","grabsample",23,"sm9222e","sm9222","membranefiltration"
"191","leau_99","grabsample",94,"sm9222e","sm9222","membranefiltration"
"192","leau_100","grabsample",8,"sm9222e","sm9222","membranefiltration"
"193","leau_101","grabsample",170,"sm9222e","sm9222","membranefiltration"
"194","leau_884","grabsample",490,"sm9222e","sm9222","membranefiltration"
"195","leau_895","grabsample",50,"sm9222e","sm9222","membranefiltration"
"196","leau_901","grabsample",130,"sm9222e","sm9222","membranefiltration"
"197","leau_905","grabsample",540,"sm9222e","sm9222","membranefiltration"
"198","leau_906","grabsample",79,"sm9222e","sm9222","membranefiltration"
"199","leau_910","grabsample",70,"sm9222e","sm9222","membranefiltration"
"200","leau_911","grabsample",170,"sm9222e","sm9222","membranefiltration"
"201","leau_903","grabsample",110,"sm9222e","sm9222","membranefiltration"
"202","leau_918","grabsample",5400,"sm9222e","sm9222","membranefiltration"
"203","leau_912","grabsample",79,"sm9222e","sm9222","membranefiltration"
"204","leau_920","grabsample",33,"sm9222e","sm9222","membranefiltration"
"205","leau_666","grabsample",460,"sm9222e","sm9222","membranefiltration"
"206","leau_668","grabsample",49,"sm9222e","sm9222","membranefiltration"
"207","leau_673","grabsample",46,"sm9222e","sm9222","membranefiltration"
"208","leau_683","grabsample",2400,"sm9222e","sm9222","membranefiltration"
"209","leau_684","grabsample",20,"sm9222e","sm9222","membranefiltration"
"210","leau_685","grabsample",13,"sm9222e","sm9222","membranefiltration"
"211","leau_695","grabsample",350,"sm9222e","sm9222","membranefiltration"
"212","leau_687","grabsample",49,"sm9222e","sm9222","membranefiltration"
"213","leau_669","grabsample",20,"sm9222e","sm9222","membranefiltration"
"214","leau_678","grabsample",22,"sm9222e","sm9222","membranefiltration"
"215","leau_680","grabsample",17,"sm9222e","sm9222","membranefiltration"
"216","leau_402","grabsample",280,"sm9222e","sm9222","membranefiltration"
"217","leau_366","grabsample",80,"sm9222e","sm9222","membranefiltration"
"218","leau_408","grabsample",540,"sm9222e","sm9222","membranefiltration"
"219","leau_414","grabsample",79,"sm9222e","sm9222","membranefiltration"
"220","leau_375","grabsample",330,"sm9222e","sm9222","membranefiltration"
"221","leau_381","grabsample",50,"sm9222e","sm9222","membranefiltration"
"222","leau_388","grabsample",50,"sm9222e","sm9222","membranefiltration"
"223","leau_392","grabsample",110,"sm9222e","sm9222","membranefiltration"
"224","leau_394","grabsample",170,"sm9222e","sm9222","membranefiltration"
"225","leau_396","grabsample",50,"sm9222e","sm9222","membranefiltration"
"226","leau_401","grabsample",49,"sm9222e","sm9222","membranefiltration"
"227","leau_102","grabsample",23,"sm9222e","sm9222","membranefiltration"
"228","leau_105","grabsample",23,"sm9222e","sm9222","membranefiltration"
"229","leau_106","grabsample",33,"sm9222e","sm9222","membranefiltration"
"230","leau_107","grabsample",23,"sm9222e","sm9222","membranefiltration"
"231","leau_108","grabsample",8,"sm9222e","sm9222","membranefiltration"
"232","leau_109","grabsample",70,"sm9222e","sm9222","membranefiltration"
"233","leau_110","grabsample",70,"sm9222e","sm9222","membranefiltration"
"234","leau_111","grabsample",23,"sm9222e","sm9222","membranefiltration"
"235","leau_112","grabsample",33,"sm9222e","sm9222","membranefiltration"
"236","leau_113","grabsample",2400,"sm9222e","sm9222","membranefiltration"
"237","leau_103","grabsample",2400,"sm9222e","sm9222","membranefiltration"
"238","leau_104","grabsample",23,"sm9222e","sm9222","membranefiltration"
"239","leau_904","grabsample",330,"sm9222e","sm9222","membranefiltration"
"240","leau_909","grabsample",920,"sm9222e","sm9222","membranefiltration"
"241","leau_913","grabsample",230,"sm9222e","sm9222","membranefiltration"
"242","leau_915","grabsample",2400,"sm9222e","sm9222","membranefiltration"
"243","leau_916","grabsample",920,"sm9222e","sm9222","membranefiltration"
"244","leau_917","grabsample",330,"sm9222e","sm9222","membranefiltration"
"245","leau_919","grabsample",20,"sm9222e","sm9222","membranefiltration"
"246","leau_922","grabsample",50,"sm9222e","sm9222","membranefiltration"
"247","leau_908","grabsample",490,"sm9222e","sm9222","membranefiltration"
"248","leau_921","grabsample",270,"sm9222e","sm9222","membranefiltration"
"249","leau_923","grabsample",230,"sm9222e","sm9222","membranefiltration"
"250","leau_675","grabsample",1700,"sm9222e","sm9222","membranefiltration"
"251","leau_679","grabsample",79,"sm9222e","sm9222","membranefiltration"
"252","leau_682","grabsample",330,"sm9222e","sm9222","membranefiltration"
"253","leau_686","grabsample",7,"sm9222e","sm9222","membranefiltration"
"254","leau_688","grabsample",2400,"sm9222e","sm9222","membranefiltration"
"255","leau_689","grabsample",49,"sm9222e","sm9222","membranefiltration"
"256","leau_690","grabsample",920,"sm9222e","sm9222","membranefiltration"
"257","leau_691","grabsample",540,"sm9222e","sm9222","membranefiltration"
"258","leau_693","grabsample",130,"sm9222e","sm9222","membranefiltration"
"259","leau_694","grabsample",1300,"sm9222e","sm9222","membranefiltration"
"260","leau_692","grabsample",490,"sm9222e","sm9222","membranefiltration"
"261","leau_681","grabsample",50,"sm9222e","sm9222","membranefiltration"
"262","leau_418","grabsample",94,"sm9222e","sm9222","membranefiltration"
"263","leau_406","grabsample",130,"sm9222e","sm9222","membranefiltration"
"264","leau_410","grabsample",170,"sm9222e","sm9222","membranefiltration"
"265","leau_400","grabsample",70,"sm9222e","sm9222","membranefiltration"
"266","leau_404","grabsample",170,"sm9222e","sm9222","membranefiltration"
"267","leau_405","grabsample",540,"sm9222e","sm9222","membranefiltration"
"268","leau_407","grabsample",1600,"sm9222e","sm9222","membranefiltration"
"269","leau_411","grabsample",110,"sm9222e","sm9222","membranefiltration"
"270","leau_397","grabsample",350,"sm9222e","sm9222","membranefiltration"
"271","leau_399","grabsample",130,"sm9222e","sm9222","membranefiltration"
"272","leau_391","grabsample",170,"sm9222e","sm9222","membranefiltration"
"273","leau_398","grabsample",350,"sm9222e","sm9222","membranefiltration"
"274","leau_114","grabsample",23,"sm9222e","sm9222","membranefiltration"
"275","leau_115","grabsample",2400,"sm9222e","sm9222","membranefiltration"
"276","leau_116","grabsample",23,"sm9222e","sm9222","membranefiltration"
"277","leau_117","grabsample",46,"sm9222e","sm9222","membranefiltration"
"278","leau_118","grabsample",33,"sm9222e","sm9222","membranefiltration"
"279","leau_119","grabsample",33,"sm9222e","sm9222","membranefiltration"
"280","leau_120","grabsample",33,"sm9222e","sm9222","membranefiltration"
"281","leau_121","grabsample",23,"sm9222e","sm9222","membranefiltration"
"282","leau_122","grabsample",540,"sm9222e","sm9222","membranefiltration"
"283","leau_123","grabsample",49,"sm9222e","sm9222","membranefiltration"
"284","leau_124","grabsample",130,"sm9222e","sm9222","membranefiltration"
"285","leau_125","grabsample",170,"sm9222e","sm9222","membranefiltration"
"286","leau_914","grabsample",26,"sm9222e","sm9222","membranefiltration"
"287","leau_924","grabsample",11,"sm9222e","sm9222","membranefiltration"
"288","leau_925","grabsample",170,"sm9222e","sm9222","membranefiltration"
"289","leau_926","grabsample",2800,"sm9222e","sm9222","membranefiltration"
"290","leau_934","grabsample",50,"sm9222e","sm9222","membranefiltration"
"291","leau_937","grabsample",33,"sm9222e","sm9222","membranefiltration"
"292","leau_939","grabsample",240,"sm9222e","sm9222","membranefiltration"
"293","leau_944","grabsample",350,"sm9222e","sm9222","membranefiltration"
"294","leau_948","grabsample",170,"sm9222e","sm9222","membranefiltration"
"295","leau_932","grabsample",33,"sm9222e","sm9222","membranefiltration"
"296","leau_928","grabsample",70,"sm9222e","sm9222","membranefiltration"
"297","leau_676","grabsample",80,"sm9222e","sm9222","membranefiltration"
"298","leau_677","grabsample",50,"sm9222e","sm9222","membranefiltration"
"299","leau_699","grabsample",2400,"sm9222e","sm9222","membranefiltration"
"300","leau_700","grabsample",40,"sm9222e","sm9222","membranefiltration"
"301","leau_701","grabsample",20,"sm9222e","sm9222","membranefiltration"
"302","leau_702","grabsample",43,"sm9222e","sm9222","membranefiltration"
"303","leau_703","grabsample",1700,"sm9222e","sm9222","membranefiltration"
"304","leau_709","grabsample",20,"sm9222e","sm9222","membranefiltration"
"305","leau_712","grabsample",240,"sm9222e","sm9222","membranefiltration"
"306","leau_723","grabsample",33,"sm9222e","sm9222","membranefiltration"
"307","leau_426","grabsample",23,"sm9222e","sm9222","membranefiltration"
"308","leau_427","grabsample",350,"sm9222e","sm9222","membranefiltration"
"309","leau_412","grabsample",50,"sm9222e","sm9222","membranefiltration"
"310","leau_413","grabsample",46,"sm9222e","sm9222","membranefiltration"
"311","leau_422","grabsample",13,"sm9222e","sm9222","membranefiltration"
"312","leau_409","grabsample",110,"sm9222e","sm9222","membranefiltration"
"313","leau_431","grabsample",130,"sm9222e","sm9222","membranefiltration"
"314","leau_393","grabsample",2400,"sm9222e","sm9222","membranefiltration"
"315","leau_403","grabsample",20,"sm9222e","sm9222","membranefiltration"
"316","leau_432","grabsample",23,"sm9222e","sm9222","membranefiltration"
"317","leau_436","grabsample",350,"sm9222e","sm9222","membranefiltration"
"318","leau_395","grabsample",110,"sm9222e","sm9222","membranefiltration"
"319","leau_126","grabsample",49,"sm9222e","sm9222","membranefiltration"
"320","leau_127","grabsample",7900,"sm9222e","sm9222","membranefiltration"
"321","leau_128","grabsample",23,"sm9222e","sm9222","membranefiltration"
"322","leau_129","grabsample",33,"sm9222e","sm9222","membranefiltration"
"323","leau_130","grabsample",70,"sm9222e","sm9222","membranefiltration"
"324","leau_131","grabsample",33,"sm9222e","sm9222","membranefiltration"
"325","leau_132","grabsample",11,"sm9222e","sm9222","membranefiltration"
"326","leau_133","grabsample",180,"sm9222e","sm9222","membranefiltration"
"327","leau_134","grabsample",170,"sm9222e","sm9222","membranefiltration"
"328","leau_135","grabsample",3300,"sm9222e","sm9222","membranefiltration"
"329","leau_136","grabsample",70,"sm9222e","sm9222","membranefiltration"
"330","leau_137","grabsample",49,"sm9222e","sm9222","membranefiltration"
"331","leau_927","grabsample",1300,"sm9222e","sm9222","membranefiltration"
"332","leau_931","grabsample",170,"sm9222e","sm9222","membranefiltration"
"333","leau_938","grabsample",220,"sm9222e","sm9222","membranefiltration"
"334","leau_940","grabsample",20,"sm9222e","sm9222","membranefiltration"
"335","leau_942","grabsample",230,"sm9222e","sm9222","membranefiltration"
"336","leau_943","grabsample",220,"sm9222e","sm9222","membranefiltration"
"337","leau_946","grabsample",130,"sm9222e","sm9222","membranefiltration"
"338","leau_947","grabsample",79,"sm9222e","sm9222","membranefiltration"
"339","leau_951","grabsample",700,"sm9222e","sm9222","membranefiltration"
"340","leau_935","grabsample",170,"sm9222e","sm9222","membranefiltration"
"341","leau_941","grabsample",1600,"sm9222e","sm9222","membranefiltration"
"342","leau_933","grabsample",330,"sm9222e","sm9222","membranefiltration"
"343","leau_697","grabsample",130,"sm9222e","sm9222","membranefiltration"
"344","leau_698","grabsample",70,"sm9222e","sm9222","membranefiltration"
"345","leau_705","grabsample",80,"sm9222e","sm9222","membranefiltration"
"346","leau_706","grabsample",70,"sm9222e","sm9222","membranefiltration"
"347","leau_708","grabsample",49,"sm9222e","sm9222","membranefiltration"
"348","leau_710","grabsample",16000,"sm9222e","sm9222","membranefiltration"
"349","leau_713","grabsample",2400,"sm9222e","sm9222","membranefiltration"
"350","leau_714","grabsample",2400,"sm9222e","sm9222","membranefiltration"
"351","leau_715","grabsample",110,"sm9222e","sm9222","membranefiltration"
"352","leau_718","grabsample",230,"sm9222e","sm9222","membranefiltration"
"353","leau_720","grabsample",79,"sm9222e","sm9222","membranefiltration"
"354","leau_707","grabsample",80,"sm9222e","sm9222","membranefiltration"
"355","leau_425","grabsample",2400,"sm9222e","sm9222","membranefiltration"
"356","leau_415","grabsample",220,"sm9222e","sm9222","membranefiltration"
"357","leau_416","grabsample",170,"sm9222e","sm9222","membranefiltration"
"358","leau_419","grabsample",540,"sm9222e","sm9222","membranefiltration"
"359","leau_420","grabsample",2400,"sm9222e","sm9222","membranefiltration"
"360","leau_421","grabsample",70,"sm9222e","sm9222","membranefiltration"
"361","leau_428","grabsample",50,"sm9222e","sm9222","membranefiltration"
"362","leau_417","grabsample",540,"sm9222e","sm9222","membranefiltration"
"363","leau_429","grabsample",49,"sm9222e","sm9222","membranefiltration"
"364","leau_442","grabsample",130,"sm9222e","sm9222","membranefiltration"
"365","leau_433","grabsample",70,"sm9222e","sm9222","membranefiltration"
"366","leau_434","grabsample",49,"sm9222e","sm9222","membranefiltration"
"367","leau_138","grabsample",13,"sm9222e","sm9222","membranefiltration"
"368","leau_139","grabsample",110,"sm9222e","sm9222","membranefiltration"
"369","leau_140","grabsample",33,"sm9222e","sm9222","membranefiltration"
"370","leau_141","grabsample",33,"sm9222e","sm9222","membranefiltration"
"371","leau_142","grabsample",790,"sm9222e","sm9222","membranefiltration"
"372","leau_143","grabsample",49,"sm9222e","sm9222","membranefiltration"
"373","leau_144","grabsample",33,"sm9222e","sm9222","membranefiltration"
"374","leau_145","grabsample",23,"sm9222e","sm9222","membranefiltration"
"375","leau_146","grabsample",4900,"sm9222e","sm9222","membranefiltration"
"376","leau_147","grabsample",49,"sm9222e","sm9222","membranefiltration"
"377","leau_148","grabsample",490,"sm9222e","sm9222","membranefiltration"
"378","leau_929","grabsample",50,"sm9222e","sm9222","membranefiltration"
"379","leau_930","grabsample",46,"sm9222e","sm9222","membranefiltration"
"380","leau_936","grabsample",80,"sm9222e","sm9222","membranefiltration"
"381","leau_945","grabsample",16000,"sm9222e","sm9222","membranefiltration"
"382","leau_954","grabsample",16000,"sm9222e","sm9222","membranefiltration"
"383","leau_955","grabsample",50,"sm9222e","sm9222","membranefiltration"
"384","leau_956","grabsample",920,"sm9222e","sm9222","membranefiltration"
"385","leau_957","grabsample",50,"sm9222e","sm9222","membranefiltration"
"386","leau_958","grabsample",9200,"sm9222e","sm9222","membranefiltration"
"387","leau_959","grabsample",20,"sm9222e","sm9222","membranefiltration"
"388","leau_966","grabsample",79,"sm9222e","sm9222","membranefiltration"
"389","leau_967","grabsample",31,"sm9222e","sm9222","membranefiltration"
"390","leau_711","grabsample",70,"sm9222e","sm9222","membranefiltration"
"391","leau_716","grabsample",240,"sm9222e","sm9222","membranefiltration"
"392","leau_717","grabsample",9200,"sm9222e","sm9222","membranefiltration"
"393","leau_719","grabsample",79,"sm9222e","sm9222","membranefiltration"
"394","leau_721","grabsample",46,"sm9222e","sm9222","membranefiltration"
"395","leau_726","grabsample",1600,"sm9222e","sm9222","membranefiltration"
"396","leau_734","grabsample",170,"sm9222e","sm9222","membranefiltration"
"397","leau_743","grabsample",33,"sm9222e","sm9222","membranefiltration"
"398","leau_722","grabsample",79,"sm9222e","sm9222","membranefiltration"
"399","leau_735","grabsample",9200,"sm9222e","sm9222","membranefiltration"
"400","leau_696","grabsample",40,"sm9222e","sm9222","membranefiltration"
"401","leau_704","grabsample",23,"sm9222e","sm9222","membranefiltration"
"402","leau_424","grabsample",79,"sm9222e","sm9222","membranefiltration"
"403","leau_423","grabsample",49,"sm9222e","sm9222","membranefiltration"
"404","leau_438","grabsample",70,"sm9222e","sm9222","membranefiltration"
"405","leau_444","grabsample",5400,"sm9222e","sm9222","membranefiltration"
"406","leau_430","grabsample",2400,"sm9222e","sm9222","membranefiltration"
"407","leau_445","grabsample",330,"sm9222e","sm9222","membranefiltration"
"408","leau_435","grabsample",110,"sm9222e","sm9222","membranefiltration"
"409","leau_437","grabsample",3500,"sm9222e","sm9222","membranefiltration"
"410","leau_439","grabsample",130,"sm9222e","sm9222","membranefiltration"
"411","leau_448","grabsample",80,"sm9222e","sm9222","membranefiltration"
"412","leau_459","grabsample",920,"sm9222e","sm9222","membranefiltration"
"413","leau_471","grabsample",240,"sm9222e","sm9222","membranefiltration"
"414","leau_149","grabsample",790,"sm9222e","sm9222","membranefiltration"
"415","leau_150","grabsample",3300,"sm9222e","sm9222","membranefiltration"
"416","leau_151","grabsample",31,"sm9222e","sm9222","membranefiltration"
"417","leau_152","grabsample",8,"sm9222e","sm9222","membranefiltration"
"418","leau_153","grabsample",11,"sm9222e","sm9222","membranefiltration"
"419","leau_154","grabsample",23,"sm9222e","sm9222","membranefiltration"
"420","leau_155","grabsample",70,"sm9222e","sm9222","membranefiltration"
"421","leau_156","grabsample",4900,"sm9222e","sm9222","membranefiltration"
"422","leau_157","grabsample",130,"sm9222e","sm9222","membranefiltration"
"423","leau_158","grabsample",490,"sm9222e","sm9222","membranefiltration"
"424","leau_159","grabsample",4900,"sm9222e","sm9222","membranefiltration"
"425","leau_160","grabsample",130,"sm9222e","sm9222","membranefiltration"
"426","leau_949","grabsample",540,"sm9222e","sm9222","membranefiltration"
"427","leau_950","grabsample",70,"sm9222e","sm9222","membranefiltration"
"428","leau_952","grabsample",50,"sm9222e","sm9222","membranefiltration"
"429","leau_953","grabsample",240,"sm9222e","sm9222","membranefiltration"
"430","leau_963","grabsample",3000,"sm9222e","sm9222","membranefiltration"
"431","leau_968","grabsample",490,"sm9222e","sm9222","membranefiltration"
"432","leau_969","grabsample",130,"sm9222e","sm9222","membranefiltration"
"433","leau_973","grabsample",130,"sm9222e","sm9222","membranefiltration"
"434","leau_979","grabsample",110,"sm9222e","sm9222","membranefiltration"
"435","leau_962","grabsample",130,"sm9222e","sm9222","membranefiltration"
"436","leau_960","grabsample",33,"sm9222e","sm9222","membranefiltration"
"437","leau_964","grabsample",33,"sm9222e","sm9222","membranefiltration"
"438","leau_724","grabsample",170,"sm9222e","sm9222","membranefiltration"
"439","leau_727","grabsample",33,"sm9222e","sm9222","membranefiltration"
"440","leau_729","grabsample",70,"sm9222e","sm9222","membranefiltration"
"441","leau_730","grabsample",50,"sm9222e","sm9222","membranefiltration"
"442","leau_732","grabsample",16000,"sm9222e","sm9222","membranefiltration"
"443","leau_736","grabsample",540,"sm9222e","sm9222","membranefiltration"
"444","leau_738","grabsample",22,"sm9222e","sm9222","membranefiltration"
"445","leau_739","grabsample",80,"sm9222e","sm9222","membranefiltration"
"446","leau_744","grabsample",330,"sm9222e","sm9222","membranefiltration"
"447","leau_725","grabsample",46,"sm9222e","sm9222","membranefiltration"
"448","leau_728","grabsample",350,"sm9222e","sm9222","membranefiltration"
"449","leau_737","grabsample",27,"sm9222e","sm9222","membranefiltration"
"450","leau_450","grabsample",170,"sm9222e","sm9222","membranefiltration"
"451","leau_443","grabsample",540,"sm9222e","sm9222","membranefiltration"
"452","leau_446","grabsample",1600,"sm9222e","sm9222","membranefiltration"
"453","leau_454","grabsample",300,"sm9222e","sm9222","membranefiltration"
"454","leau_462","grabsample",110,"sm9222e","sm9222","membranefiltration"
"455","leau_463","grabsample",170,"sm9222e","sm9222","membranefiltration"
"456","leau_440","grabsample",27,"sm9222e","sm9222","membranefiltration"
"457","leau_441","grabsample",490,"sm9222e","sm9222","membranefiltration"
"458","leau_447","grabsample",33,"sm9222e","sm9222","membranefiltration"
"459","leau_449","grabsample",110,"sm9222e","sm9222","membranefiltration"
"460","leau_464","grabsample",79,"sm9222e","sm9222","membranefiltration"
"461","leau_457","grabsample",49,"sm9222e","sm9222","membranefiltration"
"462","leau_161","grabsample",130,"sm9222e","sm9222","membranefiltration"
"463","leau_162","grabsample",790,"sm9222e","sm9222","membranefiltration"
"464","leau_163","grabsample",130,"sm9222e","sm9222","membranefiltration"
"465","leau_164","grabsample",31,"sm9222e","sm9222","membranefiltration"
"466","leau_165","grabsample",33,"sm9222e","sm9222","membranefiltration"
"467","leau_166","grabsample",180,"sm9222e","sm9222","membranefiltration"
"468","leau_167","grabsample",220,"sm9222e","sm9222","membranefiltration"
"469","leau_168","grabsample",800,"sm9222e","sm9222","membranefiltration"
"470","leau_169","grabsample",300,"sm9222e","sm9222","membranefiltration"
"471","leau_170","grabsample",280,"sm9222e","sm9222","membranefiltration"
"472","leau_171","grabsample",220,"sm9222e","sm9222","membranefiltration"
"473","leau_965","grabsample",130,"sm9222e","sm9222","membranefiltration"
"474","leau_970","grabsample",9000,"sm9222e","sm9222","membranefiltration"
"475","leau_971","grabsample",21,"sm9222e","sm9222","membranefiltration"
"476","leau_975","grabsample",170,"sm9222e","sm9222","membranefiltration"
"477","leau_976","grabsample",50,"sm9222e","sm9222","membranefiltration"
"478","leau_984","grabsample",23,"sm9222e","sm9222","membranefiltration"
"479","leau_987","grabsample",900,"sm9222e","sm9222","membranefiltration"
"480","leau_991","grabsample",20,"sm9222e","sm9222","membranefiltration"
"481","leau_977","grabsample",110,"sm9222e","sm9222","membranefiltration"
"482","leau_972","grabsample",240,"sm9222e","sm9222","membranefiltration"
"483","leau_974","grabsample",130,"sm9222e","sm9222","membranefiltration"
"484","leau_961","grabsample",170,"sm9222e","sm9222","membranefiltration"
"485","leau_731","grabsample",110,"sm9222e","sm9222","membranefiltration"
"486","leau_740","grabsample",30,"sm9222e","sm9222","membranefiltration"
"487","leau_742","grabsample",50,"sm9222e","sm9222","membranefiltration"
"488","leau_745","grabsample",800,"sm9222e","sm9222","membranefiltration"
"489","leau_750","grabsample",80,"sm9222e","sm9222","membranefiltration"
"490","leau_751","grabsample",20,"sm9222e","sm9222","membranefiltration"
"491","leau_753","grabsample",80,"sm9222e","sm9222","membranefiltration"
"492","leau_755","grabsample",50,"sm9222e","sm9222","membranefiltration"
"493","leau_766","grabsample",50,"sm9222e","sm9222","membranefiltration"
"494","leau_733","grabsample",700,"sm9222e","sm9222","membranefiltration"
"495","leau_741","grabsample",240,"sm9222e","sm9222","membranefiltration"
"496","leau_748","grabsample",80,"sm9222e","sm9222","membranefiltration"
"497","leau_451","grabsample",500,"sm9222e","sm9222","membranefiltration"
"498","leau_452","grabsample",240,"sm9222e","sm9222","membranefiltration"
"499","leau_453","grabsample",50,"sm9222e","sm9222","membranefiltration"
"500","leau_458","grabsample",30,"sm9222e","sm9222","membranefiltration"
"501","leau_461","grabsample",130,"sm9222e","sm9222","membranefiltration"
"502","leau_482","grabsample",500,"sm9222e","sm9222","membranefiltration"
"503","leau_466","grabsample",500,"sm9222e","sm9222","membranefiltration"
"504","leau_467","grabsample",500,"sm9222e","sm9222","membranefiltration"
"505","leau_468","grabsample",50,"sm9222e","sm9222","membranefiltration"
"506","leau_472","grabsample",50,"sm9222e","sm9222","membranefiltration"
"507","leau_473","grabsample",1600,"sm9222e","sm9222","membranefiltration"
"508","leau_478","grabsample",80,"sm9222e","sm9222","membranefiltration"
"509","leau_172","grabsample",70,"sm9222e","sm9222","membranefiltration"
"510","leau_173","grabsample",230,"sm9222e","sm9222","membranefiltration"
"511","leau_178","grabsample",23,"sm9222e","sm9222","membranefiltration"
"512","leau_174","grabsample",280,"sm9222e","sm9222","membranefiltration"
"513","leau_175","grabsample",130,"sm9222e","sm9222","membranefiltration"
"514","leau_176","grabsample",50,"sm9222e","sm9222","membranefiltration"
"515","leau_177","grabsample",50,"sm9222e","sm9222","membranefiltration"
"516","leau_179","grabsample",8,"sm9222e","sm9222","membranefiltration"
"517","leau_180","grabsample",26,"sm9222e","sm9222","membranefiltration"
"518","leau_181","grabsample",17,"sm9222e","sm9222","membranefiltration"
"519","leau_978","grabsample",230,"sm9222e","sm9222","membranefiltration"
"520","leau_980","grabsample",1300,"sm9222e","sm9222","membranefiltration"
"521","leau_982","grabsample",300,"sm9222e","sm9222","membranefiltration"
"522","leau_983","grabsample",23,"sm9222e","sm9222","membranefiltration"
"523","leau_986","grabsample",500,"sm9222e","sm9222","membranefiltration"
"524","leau_992","grabsample",130,"sm9222e","sm9222","membranefiltration"
"525","leau_997","grabsample",1600,"sm9222e","sm9222","membranefiltration"
"526","leau_998","grabsample",230,"sm9222e","sm9222","membranefiltration"
"527","leau_981","grabsample",300,"sm9222e","sm9222","membranefiltration"
"528","leau_989","grabsample",600,"sm9222e","sm9222","membranefiltration"
"529","leau_993","grabsample",130,"sm9222e","sm9222","membranefiltration"
"530","leau_749","grabsample",50,"sm9222e","sm9222","membranefiltration"
"531","leau_752","grabsample",220,"sm9222e","sm9222","membranefiltration"
"532","leau_756","grabsample",500,"sm9222e","sm9222","membranefiltration"
"533","leau_757","grabsample",110,"sm9222e","sm9222","membranefiltration"
"534","leau_759","grabsample",30,"sm9222e","sm9222","membranefiltration"
"535","leau_760","grabsample",170,"sm9222e","sm9222","membranefiltration"
"536","leau_762","grabsample",23,"sm9222e","sm9222","membranefiltration"
"537","leau_764","grabsample",20,"sm9222e","sm9222","membranefiltration"
"538","leau_765","grabsample",300,"sm9222e","sm9222","membranefiltration"
"539","leau_758","grabsample",50,"sm9222e","sm9222","membranefiltration"
"540","leau_763","grabsample",500,"sm9222e","sm9222","membranefiltration"
"541","leau_455","grabsample",80,"sm9222e","sm9222","membranefiltration"
"542","leau_456","grabsample",50,"sm9222e","sm9222","membranefiltration"
"543","leau_460","grabsample",170,"sm9222e","sm9222","membranefiltration"
"544","leau_481","grabsample",300,"sm9222e","sm9222","membranefiltration"
"545","leau_485","grabsample",80,"sm9222e","sm9222","membranefiltration"
"546","leau_465","grabsample",70,"sm9222e","sm9222","membranefiltration"
"547","leau_474","grabsample",500,"sm9222e","sm9222","membranefiltration"
"548","leau_476","grabsample",110,"sm9222e","sm9222","membranefiltration"
"549","leau_479","grabsample",80,"sm9222e","sm9222","membranefiltration"
"550","leau_480","grabsample",30,"sm9222e","sm9222","membranefiltration"
"551","leau_484","grabsample",500,"sm9222e","sm9222","membranefiltration"
"552","leau_1","grabsample",2200,"sm9222e","sm9222","membranefiltration"
"553","leau_2","grabsample",70,"sm9222e","sm9222","membranefiltration"
"554","leau_3","grabsample",90,"sm9222e","sm9222","membranefiltration"
"555","leau_4","grabsample",110,"sm9222e","sm9222","membranefiltration"
"556","leau_5","grabsample",1300,"sm9222e","sm9222","membranefiltration"
"557","leau_6","grabsample",3000,"sm9222e","sm9222","membranefiltration"
"558","leau_182","grabsample",350,"sm9222e","sm9222","membranefiltration"
"559","leau_183","grabsample",1300,"sm9222e","sm9222","membranefiltration"
"560","leau_184","grabsample",2300,"sm9222e","sm9222","membranefiltration"
"561","leau_185","grabsample",80,"sm9222e","sm9222","membranefiltration"
"562","leau_186","grabsample",300,"sm9222e","sm9222","membranefiltration"
"563","leau_187","grabsample",5000,"sm9222e","sm9222","membranefiltration"
"564","leau_233","grabsample",110,"sm9222e","sm9222","membranefiltration"
"565","leau_234","grabsample",6,"sm9222e","sm9222","membranefiltration"
"566","leau_235","grabsample",170,"sm9222e","sm9222","membranefiltration"
"567","leau_236","grabsample",50,"sm9222e","sm9222","membranefiltration"
"568","leau_237","grabsample",30,"sm9222e","sm9222","membranefiltration"
"569","leau_238","grabsample",50,"sm9222e","sm9222","membranefiltration"
"570","leau_985","grabsample",790,"sm9222e","sm9222","membranefiltration"
"571","leau_988","grabsample",40,"sm9222e","sm9222","membranefiltration"
"572","leau_990","grabsample",330,"sm9222e","sm9222","membranefiltration"
"573","leau_994","grabsample",20,"sm9222e","sm9222","membranefiltration"
"574","leau_995","grabsample",70,"sm9222e","sm9222","membranefiltration"
"575","leau_996","grabsample",1600,"sm9222e","sm9222","membranefiltration"
"576","leau_999","grabsample",470,"sm9222e","sm9222","membranefiltration"
"577","leau_1003","grabsample",110,"sm9222e","sm9222","membranefiltration"
"578","leau_1008","grabsample",40,"sm9222e","sm9222","membranefiltration"
"579","leau_1015","grabsample",2400,"sm9222e","sm9222","membranefiltration"
"580","leau_1017","grabsample",700,"sm9222e","sm9222","membranefiltration"
"581","leau_1016","grabsample",500,"sm9222e","sm9222","membranefiltration"
"582","leau_746","grabsample",1600,"sm9222e","sm9222","membranefiltration"
"583","leau_761","grabsample",20,"sm9222e","sm9222","membranefiltration"
"584","leau_767","grabsample",23,"sm9222e","sm9222","membranefiltration"
"585","leau_768","grabsample",40,"sm9222e","sm9222","membranefiltration"
"586","leau_769","grabsample",20,"sm9222e","sm9222","membranefiltration"
"587","leau_772","grabsample",130,"sm9222e","sm9222","membranefiltration"
"588","leau_773","grabsample",130,"sm9222e","sm9222","membranefiltration"
"589","leau_776","grabsample",500,"sm9222e","sm9222","membranefiltration"
"590","leau_784","grabsample",2400,"sm9222e","sm9222","membranefiltration"
"591","leau_747","grabsample",68,"sm9222e","sm9222","membranefiltration"
"592","leau_754","grabsample",130,"sm9222e","sm9222","membranefiltration"
"593","leau_774","grabsample",1700,"sm9222e","sm9222","membranefiltration"
"594","leau_496","grabsample",300,"sm9222e","sm9222","membranefiltration"
"595","leau_497","grabsample",1100,"sm9222e","sm9222","membranefiltration"
"596","leau_495","grabsample",3000,"sm9222e","sm9222","membranefiltration"
"597","leau_483","grabsample",1300,"sm9222e","sm9222","membranefiltration"
"598","leau_494","grabsample",9000,"sm9222e","sm9222","membranefiltration"
"599","leau_486","grabsample",800,"sm9222e","sm9222","membranefiltration"
"600","leau_469","grabsample",300,"sm9222e","sm9222","membranefiltration"
"601","leau_470","grabsample",300,"sm9222e","sm9222","membranefiltration"
"602","leau_475","grabsample",40,"sm9222e","sm9222","membranefiltration"
"603","leau_477","grabsample",40,"sm9222e","sm9222","membranefiltration"
"604","leau_487","grabsample",110,"sm9222e","sm9222","membranefiltration"
"605","leau_488","grabsample",40,"sm9222e","sm9222","membranefiltration"
"606","leau_7","grabsample",400,"sm9222e","sm9222","membranefiltration"
"607","leau_8","grabsample",170,"sm9222e","sm9222","membranefiltration"
"608","leau_9","grabsample",170,"sm9222e","sm9222","membranefiltration"
"609","leau_10","grabsample",130,"sm9222e","sm9222","membranefiltration"
"610","leau_11","grabsample",280,"sm9222e","sm9222","membranefiltration"
"611","leau_12","grabsample",28000,"sm9222e","sm9222","membranefiltration"
"612","leau_188","grabsample",3000,"sm9222e","sm9222","membranefiltration"
"613","leau_189","grabsample",110,"sm9222e","sm9222","membranefiltration"
"614","leau_190","grabsample",300,"sm9222e","sm9222","membranefiltration"
"615","leau_191","grabsample",170,"sm9222e","sm9222","membranefiltration"
"616","leau_192","grabsample",80,"sm9222e","sm9222","membranefiltration"
"617","leau_193","grabsample",3000,"sm9222e","sm9222","membranefiltration"
"618","leau_239","grabsample",500,"sm9222e","sm9222","membranefiltration"
"619","leau_240","grabsample",500,"sm9222e","sm9222","membranefiltration"
"620","leau_242","grabsample",50,"sm9222e","sm9222","membranefiltration"
"621","leau_245","grabsample",30,"sm9222e","sm9222","membranefiltration"
"622","leau_253","grabsample",11000,"sm9222e","sm9222","membranefiltration"
"623","leau_1000","grabsample",40,"sm9222e","sm9222","membranefiltration"
"624","leau_1001","grabsample",170,"sm9222e","sm9222","membranefiltration"
"625","leau_1002","grabsample",110,"sm9222e","sm9222","membranefiltration"
"626","leau_1004","grabsample",110,"sm9222e","sm9222","membranefiltration"
"627","leau_1005","grabsample",110,"sm9222e","sm9222","membranefiltration"
"628","leau_1006","grabsample",9000,"sm9222e","sm9222","membranefiltration"
"629","leau_1009","grabsample",800,"sm9222e","sm9222","membranefiltration"
"630","leau_1010","grabsample",40,"sm9222e","sm9222","membranefiltration"
"631","leau_1011","grabsample",10,"sm9222e","sm9222","membranefiltration"
"632","leau_1014","grabsample",170,"sm9222e","sm9222","membranefiltration"
"633","leau_771","grabsample",700,"sm9222e","sm9222","membranefiltration"
"634","leau_775","grabsample",170,"sm9222e","sm9222","membranefiltration"
"635","leau_778","grabsample",130,"sm9222e","sm9222","membranefiltration"
"636","leau_779","grabsample",20,"sm9222e","sm9222","membranefiltration"
"637","leau_780","grabsample",300,"sm9222e","sm9222","membranefiltration"
"638","leau_782","grabsample",170,"sm9222e","sm9222","membranefiltration"
"639","leau_783","grabsample",20,"sm9222e","sm9222","membranefiltration"
"640","leau_785","grabsample",40,"sm9222e","sm9222","membranefiltration"
"641","leau_786","grabsample",20,"sm9222e","sm9222","membranefiltration"
"642","leau_789","grabsample",49,"sm9222e","sm9222","membranefiltration"
"643","leau_792","grabsample",220,"sm9222e","sm9222","membranefiltration"
"644","leau_777","grabsample",300,"sm9222e","sm9222","membranefiltration"
"645","leau_498","grabsample",110,"sm9222e","sm9222","membranefiltration"
"646","leau_506","grabsample",600,"sm9222e","sm9222","membranefiltration"
"647","leau_507","grabsample",230,"sm9222e","sm9222","membranefiltration"
"648","leau_499","grabsample",40,"sm9222e","sm9222","membranefiltration"
"649","leau_502","grabsample",110,"sm9222e","sm9222","membranefiltration"
"650","leau_501","grabsample",40,"sm9222e","sm9222","membranefiltration"
"651","leau_503","grabsample",80,"sm9222e","sm9222","membranefiltration"
"652","leau_490","grabsample",1100,"sm9222e","sm9222","membranefiltration"
"653","leau_489","grabsample",500,"sm9222e","sm9222","membranefiltration"
"654","leau_491","grabsample",500,"sm9222e","sm9222","membranefiltration"
"655","leau_492","grabsample",110,"sm9222e","sm9222","membranefiltration"
"656","leau_493","grabsample",800,"sm9222e","sm9222","membranefiltration"
"657","leau_13","grabsample",240,"sm9222e","sm9222","membranefiltration"
"658","leau_14","grabsample",130,"sm9222e","sm9222","membranefiltration"
"659","leau_15","grabsample",110,"sm9222e","sm9222","membranefiltration"
"660","leau_16","grabsample",80,"sm9222e","sm9222","membranefiltration"
"661","leau_17","grabsample",30,"sm9222e","sm9222","membranefiltration"
"662","leau_18","grabsample",270,"sm9222e","sm9222","membranefiltration"
"663","leau_197","grabsample",23,"sm9222e","sm9222","membranefiltration"
"664","leau_198","grabsample",40,"sm9222e","sm9222","membranefiltration"
"665","leau_199","grabsample",130,"sm9222e","sm9222","membranefiltration"
"666","leau_194","grabsample",220,"sm9222e","sm9222","membranefiltration"
"667","leau_195","grabsample",170,"sm9222e","sm9222","membranefiltration"
"668","leau_196","grabsample",500,"sm9222e","sm9222","membranefiltration"
"669","leau_241","grabsample",170,"sm9222e","sm9222","membranefiltration"
"670","leau_243","grabsample",300,"sm9222e","sm9222","membranefiltration"
"671","leau_244","grabsample",27,"sm9222e","sm9222","membranefiltration"
"672","leau_246","grabsample",300,"sm9222e","sm9222","membranefiltration"
"673","leau_248","grabsample",170,"sm9222e","sm9222","membranefiltration"
"674","leau_250","grabsample",90,"sm9222e","sm9222","membranefiltration"
"675","leau_1007","grabsample",20,"sm9222e","sm9222","membranefiltration"
"676","leau_1018","grabsample",130,"sm9222e","sm9222","membranefiltration"
"677","leau_1019","grabsample",500,"sm9222e","sm9222","membranefiltration"
"678","leau_1021","grabsample",230,"sm9222e","sm9222","membranefiltration"
"679","leau_1022","grabsample",80,"sm9222e","sm9222","membranefiltration"
"680","leau_1023","grabsample",500,"sm9222e","sm9222","membranefiltration"
"681","leau_1027","grabsample",1300,"sm9222e","sm9222","membranefiltration"
"682","leau_1032","grabsample",20,"sm9222e","sm9222","membranefiltration"
"683","leau_1035","grabsample",5000,"sm9222e","sm9222","membranefiltration"
"684","leau_1013","grabsample",110,"sm9222e","sm9222","membranefiltration"
"685","leau_1012","grabsample",170,"sm9222e","sm9222","membranefiltration"
"686","leau_1033","grabsample",70,"sm9222e","sm9222","membranefiltration"
"687","leau_770","grabsample",20,"sm9222e","sm9222","membranefiltration"
"688","leau_781","grabsample",170,"sm9222e","sm9222","membranefiltration"
"689","leau_787","grabsample",1700,"sm9222e","sm9222","membranefiltration"
"690","leau_788","grabsample",20,"sm9222e","sm9222","membranefiltration"
"691","leau_793","grabsample",20,"sm9222e","sm9222","membranefiltration"
"692","leau_794","grabsample",140,"sm9222e","sm9222","membranefiltration"
"693","leau_796","grabsample",40,"sm9222e","sm9222","membranefiltration"
"694","leau_797","grabsample",500,"sm9222e","sm9222","membranefiltration"
"695","leau_801","grabsample",20,"sm9222e","sm9222","membranefiltration"
"696","leau_804","grabsample",3000,"sm9222e","sm9222","membranefiltration"
"697","leau_790","grabsample",80,"sm9222e","sm9222","membranefiltration"
"698","leau_799","grabsample",20,"sm9222e","sm9222","membranefiltration"
"699","leau_509","grabsample",2200,"sm9222e","sm9222","membranefiltration"
"700","leau_512","grabsample",5000,"sm9222e","sm9222","membranefiltration"
"701","leau_518","grabsample",20,"sm9222e","sm9222","membranefiltration"
"702","leau_521","grabsample",800,"sm9222e","sm9222","membranefiltration"
"703","leau_500","grabsample",130,"sm9222e","sm9222","membranefiltration"
"704","leau_505","grabsample",130,"sm9222e","sm9222","membranefiltration"
"705","leau_508","grabsample",1100,"sm9222e","sm9222","membranefiltration"
"706","leau_514","grabsample",130,"sm9222e","sm9222","membranefiltration"
"707","leau_519","grabsample",20,"sm9222e","sm9222","membranefiltration"
"708","leau_520","grabsample",16000,"sm9222e","sm9222","membranefiltration"
"709","leau_504","grabsample",20,"sm9222e","sm9222","membranefiltration"
"710","leau_525","grabsample",80,"sm9222e","sm9222","membranefiltration"
"711","leau_19","grabsample",220,"sm9222e","sm9222","membranefiltration"
"712","leau_20","grabsample",14,"sm9222e","sm9222","membranefiltration"
"713","leau_21","grabsample",330,"sm9222e","sm9222","membranefiltration"
"714","leau_22","grabsample",46,"sm9222e","sm9222","membranefiltration"
"715","leau_23","grabsample",79,"sm9222e","sm9222","membranefiltration"
"716","leau_24","grabsample",110,"sm9222e","sm9222","membranefiltration"
"717","leau_205","grabsample",700,"sm9222e","sm9222","membranefiltration"
"718","leau_201","grabsample",75,"sm9222e","sm9222","membranefiltration"
"719","leau_200","grabsample",230,"sm9222e","sm9222","membranefiltration"
"720","leau_202","grabsample",23,"sm9222e","sm9222","membranefiltration"
"721","leau_203","grabsample",130,"sm9222e","sm9222","membranefiltration"
"722","leau_204","grabsample",490,"sm9222e","sm9222","membranefiltration"
"723","leau_247","grabsample",80,"sm9222e","sm9222","membranefiltration"
"724","leau_249","grabsample",220,"sm9222e","sm9222","membranefiltration"
"725","leau_251","grabsample",1100,"sm9222e","sm9222","membranefiltration"
"726","leau_252","grabsample",26,"sm9222e","sm9222","membranefiltration"
"727","leau_257","grabsample",280,"sm9222e","sm9222","membranefiltration"
"728","leau_258","grabsample",130,"sm9222e","sm9222","membranefiltration"
"729","leau_1024","grabsample",80,"sm9222e","sm9222","membranefiltration"
"730","leau_1025","grabsample",80,"sm9222e","sm9222","membranefiltration"
"731","leau_1026","grabsample",70,"sm9222e","sm9222","membranefiltration"
"732","leau_1028","grabsample",20,"sm9222e","sm9222","membranefiltration"
"733","leau_1029","grabsample",130,"sm9222e","sm9222","membranefiltration"
"734","leau_1030","grabsample",220,"sm9222e","sm9222","membranefiltration"
"735","leau_1034","grabsample",80,"sm9222e","sm9222","membranefiltration"
"736","leau_1036","grabsample",130,"sm9222e","sm9222","membranefiltration"
"737","leau_1037","grabsample",1700,"sm9222e","sm9222","membranefiltration"
"738","leau_1039","grabsample",130,"sm9222e","sm9222","membranefiltration"
"739","leau_1040","grabsample",70,"sm9222e","sm9222","membranefiltration"
"740","leau_1031","grabsample",800,"sm9222e","sm9222","membranefiltration"
"741","leau_795","grabsample",500,"sm9222e","sm9222","membranefiltration"
"742","leau_800","grabsample",20,"sm9222e","sm9222","membranefiltration"
"743","leau_805","grabsample",80,"sm9222e","sm9222","membranefiltration"
"744","leau_806","grabsample",230,"sm9222e","sm9222","membranefiltration"
"745","leau_808","grabsample",50,"sm9222e","sm9222","membranefiltration"
"746","leau_810","grabsample",40,"sm9222e","sm9222","membranefiltration"
"747","leau_812","grabsample",230,"sm9222e","sm9222","membranefiltration"
"748","leau_791","grabsample",800,"sm9222e","sm9222","membranefiltration"
"749","leau_803","grabsample",20,"sm9222e","sm9222","membranefiltration"
"750","leau_807","grabsample",40,"sm9222e","sm9222","membranefiltration"
"751","leau_811","grabsample",20,"sm9222e","sm9222","membranefiltration"
"752","leau_802","grabsample",130,"sm9222e","sm9222","membranefiltration"
"753","leau_511","grabsample",110,"sm9222e","sm9222","membranefiltration"
"754","leau_513","grabsample",1300,"sm9222e","sm9222","membranefiltration"
"755","leau_515","grabsample",80,"sm9222e","sm9222","membranefiltration"
"756","leau_517","grabsample",80,"sm9222e","sm9222","membranefiltration"
"757","leau_522","grabsample",230,"sm9222e","sm9222","membranefiltration"
"758","leau_531","grabsample",40,"sm9222e","sm9222","membranefiltration"
"759","leau_532","grabsample",130,"sm9222e","sm9222","membranefiltration"
"760","leau_510","grabsample",1700,"sm9222e","sm9222","membranefiltration"
"761","leau_516","grabsample",40,"sm9222e","sm9222","membranefiltration"
"762","leau_524","grabsample",3000,"sm9222e","sm9222","membranefiltration"
"763","leau_526","grabsample",170,"sm9222e","sm9222","membranefiltration"
"764","leau_527","grabsample",220,"sm9222e","sm9222","membranefiltration"
"765","leau_30","grabsample",7,"sm9222e","sm9222","membranefiltration"
"766","leau_25","grabsample",330,"sm9222e","sm9222","membranefiltration"
"767","leau_26","grabsample",220,"sm9222e","sm9222","membranefiltration"
"768","leau_27","grabsample",22000,"sm9222e","sm9222","membranefiltration"
"769","leau_28","grabsample",700,"sm9222e","sm9222","membranefiltration"
"770","leau_29","grabsample",330,"sm9222e","sm9222","membranefiltration"
"771","leau_207","grabsample",34,"sm9222e","sm9222","membranefiltration"
"772","leau_209","grabsample",49,"sm9222e","sm9222","membranefiltration"
"773","leau_206","grabsample",49,"sm9222e","sm9222","membranefiltration"
"774","leau_208","grabsample",14,"sm9222e","sm9222","membranefiltration"
"775","leau_211","grabsample",27,"sm9222e","sm9222","membranefiltration"
"776","leau_210","grabsample",490,"sm9222e","sm9222","membranefiltration"
"777","leau_254","grabsample",49,"sm9222e","sm9222","membranefiltration"
"778","leau_255","grabsample",79,"sm9222e","sm9222","membranefiltration"
"779","leau_256","grabsample",2800,"sm9222e","sm9222","membranefiltration"
"780","leau_259","grabsample",1700,"sm9222e","sm9222","membranefiltration"
"781","leau_260","grabsample",22,"sm9222e","sm9222","membranefiltration"
"782","leau_261","grabsample",70,"sm9222e","sm9222","membranefiltration"
"783","leau_1020","grabsample",170,"sm9222e","sm9222","membranefiltration"
"784","leau_1042","grabsample",110,"sm9222e","sm9222","membranefiltration"
"785","leau_1043","grabsample",500,"sm9222e","sm9222","membranefiltration"
"786","leau_1044","grabsample",9000,"sm9222e","sm9222","membranefiltration"
"787","leau_1045","grabsample",16000,"sm9222e","sm9222","membranefiltration"
"788","leau_1047","grabsample",500,"sm9222e","sm9222","membranefiltration"
"789","leau_1048","grabsample",20,"sm9222e","sm9222","membranefiltration"
"790","leau_1050","grabsample",500,"sm9222e","sm9222","membranefiltration"
"791","leau_1052","grabsample",110,"sm9222e","sm9222","membranefiltration"
"792","leau_1055","grabsample",40,"sm9222e","sm9222","membranefiltration"
"793","leau_1056","grabsample",140,"sm9222e","sm9222","membranefiltration"
"794","leau_1058","grabsample",110,"sm9222e","sm9222","membranefiltration"
"795","leau_798","grabsample",1100,"sm9222e","sm9222","membranefiltration"
"796","leau_809","grabsample",40,"sm9222e","sm9222","membranefiltration"
"797","leau_813","grabsample",300,"sm9222e","sm9222","membranefiltration"
"798","leau_818","grabsample",90,"sm9222e","sm9222","membranefiltration"
"799","leau_820","grabsample",300,"sm9222e","sm9222","membranefiltration"
"800","leau_821","grabsample",20,"sm9222e","sm9222","membranefiltration"
"801","leau_822","grabsample",40,"sm9222e","sm9222","membranefiltration"
"802","leau_823","grabsample",800,"sm9222e","sm9222","membranefiltration"
"803","leau_827","grabsample",130,"sm9222e","sm9222","membranefiltration"
"804","leau_829","grabsample",300,"sm9222e","sm9222","membranefiltration"
"805","leau_832","grabsample",40,"sm9222e","sm9222","membranefiltration"
"806","leau_816","grabsample",1700,"sm9222e","sm9222","membranefiltration"
"807","leau_523","grabsample",40,"sm9222e","sm9222","membranefiltration"
"808","leau_530","grabsample",700,"sm9222e","sm9222","membranefiltration"
"809","leau_538","grabsample",220,"sm9222e","sm9222","membranefiltration"
"810","leau_539","grabsample",80,"sm9222e","sm9222","membranefiltration"
"811","leau_541","grabsample",170,"sm9222e","sm9222","membranefiltration"
"812","leau_529","grabsample",90,"sm9222e","sm9222","membranefiltration"
"813","leau_533","grabsample",20,"sm9222e","sm9222","membranefiltration"
"814","leau_534","grabsample",20,"sm9222e","sm9222","membranefiltration"
"815","leau_536","grabsample",230,"sm9222e","sm9222","membranefiltration"
"816","leau_540","grabsample",1700,"sm9222e","sm9222","membranefiltration"
"817","leau_542","grabsample",90,"sm9222e","sm9222","membranefiltration"
"818","leau_547","grabsample",80,"sm9222e","sm9222","membranefiltration"
"819","leau_34","grabsample",26,"sm9222e","sm9222","membranefiltration"
"820","leau_31","grabsample",460,"sm9222e","sm9222","membranefiltration"
"821","leau_32","grabsample",7900,"sm9222e","sm9222","membranefiltration"
"822","leau_33","grabsample",1100,"sm9222e","sm9222","membranefiltration"
"823","leau_35","grabsample",170,"sm9222e","sm9222","membranefiltration"
"824","leau_36","grabsample",490,"sm9222e","sm9222","membranefiltration"
"825","leau_212","grabsample",79,"sm9222e","sm9222","membranefiltration"
"826","leau_216","grabsample",11,"sm9222e","sm9222","membranefiltration"
"827","leau_217","grabsample",5,"sm9222e","sm9222","membranefiltration"
"828","leau_213","grabsample",1100,"sm9222e","sm9222","membranefiltration"
"829","leau_214","grabsample",110,"sm9222e","sm9222","membranefiltration"
"830","leau_215","grabsample",5,"sm9222e","sm9222","membranefiltration"
"831","leau_262","grabsample",130,"sm9222e","sm9222","membranefiltration"
"832","leau_265","grabsample",49,"sm9222e","sm9222","membranefiltration"
"833","leau_266","grabsample",7,"sm9222e","sm9222","membranefiltration"
"834","leau_269","grabsample",22,"sm9222e","sm9222","membranefiltration"
"835","leau_270","grabsample",22,"sm9222e","sm9222","membranefiltration"
"836","leau_272","grabsample",14,"sm9222e","sm9222","membranefiltration"
"837","leau_1041","grabsample",50,"sm9222e","sm9222","membranefiltration"
"838","leau_1046","grabsample",240,"sm9222e","sm9222","membranefiltration"
"839","leau_1049","grabsample",300,"sm9222e","sm9222","membranefiltration"
"840","leau_1053","grabsample",40,"sm9222e","sm9222","membranefiltration"
"841","leau_1054","grabsample",70,"sm9222e","sm9222","membranefiltration"
"842","leau_1059","grabsample",20,"sm9222e","sm9222","membranefiltration"
"843","leau_1060","grabsample",20,"sm9222e","sm9222","membranefiltration"
"844","leau_1067","grabsample",80,"sm9222e","sm9222","membranefiltration"
"845","leau_1068","grabsample",5000,"sm9222e","sm9222","membranefiltration"
"846","leau_1051","grabsample",20,"sm9222e","sm9222","membranefiltration"
"847","leau_1057","grabsample",800,"sm9222e","sm9222","membranefiltration"
"848","leau_1038","grabsample",80,"sm9222e","sm9222","membranefiltration"
"849","leau_814","grabsample",20,"sm9222e","sm9222","membranefiltration"
"850","leau_815","grabsample",80,"sm9222e","sm9222","membranefiltration"
"851","leau_817","grabsample",20,"sm9222e","sm9222","membranefiltration"
"852","leau_824","grabsample",1600,"sm9222e","sm9222","membranefiltration"
"853","leau_826","grabsample",80,"sm9222e","sm9222","membranefiltration"
"854","leau_828","grabsample",110,"sm9222e","sm9222","membranefiltration"
"855","leau_830","grabsample",20,"sm9222e","sm9222","membranefiltration"
"856","leau_831","grabsample",140,"sm9222e","sm9222","membranefiltration"
"857","leau_834","grabsample",140,"sm9222e","sm9222","membranefiltration"
"858","leau_837","grabsample",40,"sm9222e","sm9222","membranefiltration"
"859","leau_819","grabsample",70,"sm9222e","sm9222","membranefiltration"
"860","leau_825","grabsample",300,"sm9222e","sm9222","membranefiltration"
"861","leau_528","grabsample",30,"sm9222e","sm9222","membranefiltration"
"862","leau_535","grabsample",50,"sm9222e","sm9222","membranefiltration"
"863","leau_537","grabsample",80,"sm9222e","sm9222","membranefiltration"
"864","leau_561","grabsample",20,"sm9222e","sm9222","membranefiltration"
"865","leau_543","grabsample",240,"sm9222e","sm9222","membranefiltration"
"866","leau_544","grabsample",40,"sm9222e","sm9222","membranefiltration"
"867","leau_550","grabsample",1600,"sm9222e","sm9222","membranefiltration"
"868","leau_552","grabsample",5000,"sm9222e","sm9222","membranefiltration"
"869","leau_545","grabsample",500,"sm9222e","sm9222","membranefiltration"
"870","leau_549","grabsample",20,"sm9222e","sm9222","membranefiltration"
"871","leau_548","grabsample",270,"sm9222e","sm9222","membranefiltration"
"872","leau_546","grabsample",40,"sm9222e","sm9222","membranefiltration"
"873","leau_38","grabsample",490,"sm9222e","sm9222","membranefiltration"
"874","leau_39","grabsample",170,"sm9222e","sm9222","membranefiltration"
"875","leau_40","grabsample",33,"sm9222e","sm9222","membranefiltration"
"876","leau_41","grabsample",220,"sm9222e","sm9222","membranefiltration"
"877","leau_42","grabsample",130,"sm9222e","sm9222","membranefiltration"
"878","leau_37","grabsample",110,"sm9222e","sm9222","membranefiltration"
"879","leau_218","grabsample",70,"sm9222e","sm9222","membranefiltration"
"880","leau_219","grabsample",13,"sm9222e","sm9222","membranefiltration"
"881","leau_220","grabsample",8,"sm9222e","sm9222","membranefiltration"
"882","leau_221","grabsample",23,"sm9222e","sm9222","membranefiltration"
"883","leau_222","grabsample",5,"sm9222e","sm9222","membranefiltration"
"884","leau_223","grabsample",33,"sm9222e","sm9222","membranefiltration"
"885","leau_263","grabsample",11,"sm9222e","sm9222","membranefiltration"
"886","leau_264","grabsample",110,"sm9222e","sm9222","membranefiltration"
"887","leau_267","grabsample",23,"sm9222e","sm9222","membranefiltration"
"888","leau_268","grabsample",280,"sm9222e","sm9222","membranefiltration"
"889","leau_271","grabsample",700,"sm9222e","sm9222","membranefiltration"
"890","leau_277","grabsample",79,"sm9222e","sm9222","membranefiltration"
"891","leau_1061","grabsample",50,"sm9222e","sm9222","membranefiltration"
"892","leau_1063","grabsample",300,"sm9222e","sm9222","membranefiltration"
"893","leau_1064","grabsample",3000,"sm9222e","sm9222","membranefiltration"
"894","leau_1070","grabsample",500,"sm9222e","sm9222","membranefiltration"
"895","leau_1071","grabsample",20,"sm9222e","sm9222","membranefiltration"
"896","leau_1072","grabsample",34,"sm9222e","sm9222","membranefiltration"
"897","leau_1074","grabsample",920,"sm9222e","sm9222","membranefiltration"
"898","leau_1075","grabsample",70,"sm9222e","sm9222","membranefiltration"
"899","leau_1076","grabsample",50,"sm9222e","sm9222","membranefiltration"
"900","leau_1082","grabsample",20,"sm9222e","sm9222","membranefiltration"
"901","leau_1069","grabsample",980,"sm9222e","sm9222","membranefiltration"
"902","leau_1077","grabsample",70,"sm9222e","sm9222","membranefiltration"
"903","leau_833","grabsample",130,"sm9222e","sm9222","membranefiltration"
"904","leau_836","grabsample",20,"sm9222e","sm9222","membranefiltration"
"905","leau_840","grabsample",20,"sm9222e","sm9222","membranefiltration"
"906","leau_841","grabsample",80,"sm9222e","sm9222","membranefiltration"
"907","leau_842","grabsample",79,"sm9222e","sm9222","membranefiltration"
"908","leau_843","grabsample",50,"sm9222e","sm9222","membranefiltration"
"909","leau_845","grabsample",130,"sm9222e","sm9222","membranefiltration"
"910","leau_846","grabsample",17,"sm9222e","sm9222","membranefiltration"
"911","leau_847","grabsample",300,"sm9222e","sm9222","membranefiltration"
"912","leau_850","grabsample",7,"sm9222e","sm9222","membranefiltration"
"913","leau_849","grabsample",230,"sm9222e","sm9222","membranefiltration"
"914","leau_838","grabsample",20,"sm9222e","sm9222","membranefiltration"
"915","leau_559","grabsample",20,"sm9222e","sm9222","membranefiltration"
"916","leau_562","grabsample",90,"sm9222e","sm9222","membranefiltration"
"917","leau_563","grabsample",23,"sm9222e","sm9222","membranefiltration"
"918","leau_551","grabsample",170,"sm9222e","sm9222","membranefiltration"
"919","leau_553","grabsample",1600,"sm9222e","sm9222","membranefiltration"
"920","leau_554","grabsample",500,"sm9222e","sm9222","membranefiltration"
"921","leau_555","grabsample",90,"sm9222e","sm9222","membranefiltration"
"922","leau_556","grabsample",210,"sm9222e","sm9222","membranefiltration"
"923","leau_557","grabsample",40,"sm9222e","sm9222","membranefiltration"
"924","leau_558","grabsample",110,"sm9222e","sm9222","membranefiltration"
"925","leau_565","grabsample",240,"sm9222e","sm9222","membranefiltration"
"926","leau_43","grabsample",1300,"sm9222e","sm9222","membranefiltration"
"927","leau_44","grabsample",170,"sm9222e","sm9222","membranefiltration"
"928","leau_45","grabsample",1100,"sm9222e","sm9222","membranefiltration"
"929","leau_46","grabsample",490,"sm9222e","sm9222","membranefiltration"
"930","leau_47","grabsample",33,"sm9222e","sm9222","membranefiltration"
"931","leau_48","grabsample",46,"sm9222e","sm9222","membranefiltration"
"932","leau_224","grabsample",26,"sm9222e","sm9222","membranefiltration"
"933","leau_225","grabsample",79,"sm9222e","sm9222","membranefiltration"
"934","leau_226","grabsample",130,"sm9222e","sm9222","membranefiltration"
"935","leau_227","grabsample",33,"sm9222e","sm9222","membranefiltration"
"936","leau_228","grabsample",5,"sm9222e","sm9222","membranefiltration"
"937","leau_229","grabsample",17,"sm9222e","sm9222","membranefiltration"
"938","leau_273","grabsample",70,"sm9222e","sm9222","membranefiltration"
"939","leau_274","grabsample",490,"sm9222e","sm9222","membranefiltration"
"940","leau_275","grabsample",33,"sm9222e","sm9222","membranefiltration"
"941","leau_276","grabsample",330,"sm9222e","sm9222","membranefiltration"
"942","leau_278","grabsample",27,"sm9222e","sm9222","membranefiltration"
"943","leau_280","grabsample",140,"sm9222e","sm9222","membranefiltration"
"944","leau_1062","grabsample",700,"sm9222e","sm9222","membranefiltration"
"945","leau_1065","grabsample",40,"sm9222e","sm9222","membranefiltration"
"946","leau_1066","grabsample",40,"sm9222e","sm9222","membranefiltration"
"947","leau_1073","grabsample",500,"sm9222e","sm9222","membranefiltration"
"948","leau_1081","grabsample",40,"sm9222e","sm9222","membranefiltration"
"949","leau_839","grabsample",900,"sm9222e","sm9222","membranefiltration"
"950","leau_844","grabsample",13,"sm9222e","sm9222","membranefiltration"
"951","leau_851","grabsample",8,"sm9222e","sm9222","membranefiltration"
"952","leau_835","grabsample",17,"sm9222e","sm9222","membranefiltration"
"953","leau_848","grabsample",300,"sm9222e","sm9222","membranefiltration"
"954","leau_560","grabsample",26,"sm9222e","sm9222","membranefiltration"
"955","leau_564","grabsample",300,"sm9222e","sm9222","membranefiltration"
"956","leau_566","grabsample",800,"sm9222e","sm9222","membranefiltration"
"957","leau_567","grabsample",17,"sm9222e","sm9222","membranefiltration"
"958","leau_568","grabsample",40,"sm9222e","sm9222","membranefiltration"
"959","leau_49","grabsample",2200,"sm9222e","sm9222","membranefiltration"
"960","leau_50","grabsample",1400,"sm9222e","sm9222","membranefiltration"
"961","leau_51","grabsample",110,"sm9222e","sm9222","membranefiltration"
"962","leau_230","grabsample",220,"sm9222e","sm9222","membranefiltration"
"963","leau_231","grabsample",700,"sm9222e","sm9222","membranefiltration"
"964","leau_232","grabsample",94,"sm9222e","sm9222","membranefiltration"
"965","leau_279","grabsample",33,"sm9222e","sm9222","membranefiltration"
"966","leau_281","grabsample",49,"sm9222e","sm9222","membranefiltration"
"967","leau_1148","grabsample",110,"sm9222e","sm9222","membranefiltration"
"968","leau_1149","grabsample",50,"sm9222e","sm9222","membranefiltration"
"969","leau_1150","grabsample",22,"sm9222e","sm9222","membranefiltration"
"970","leau_1151","grabsample",30,"sm9222e","sm9222","membranefiltration"
"971","leau_1152","grabsample",50,"sm9222e","sm9222","membranefiltration"
"972","leau_1154","grabsample",17,"sm9222e","sm9222","membranefiltration"
"973","leau_1156","grabsample",50,"sm9222e","sm9222","membranefiltration"
"974","leau_1159","grabsample",13,"sm9222e","sm9222","membranefiltration"
"975","leau_1153","grabsample",27,"sm9222e","sm9222","membranefiltration"
"976","leau_1163","grabsample",500,"sm9222e","sm9222","membranefiltration"
"977","leau_1164","grabsample",50,"sm9222e","sm9222","membranefiltration"
"978","leau_1078","grabsample",130,"sm9222e","sm9222","membranefiltration"
"979","leau_1079","grabsample",50,"sm9222e","sm9222","membranefiltration"
"980","leau_1080","grabsample",170,"sm9222e","sm9222","membranefiltration"
"981","leau_1083","grabsample",13,"sm9222e","sm9222","membranefiltration"
"982","leau_1084","grabsample",130,"sm9222e","sm9222","membranefiltration"
"983","leau_1093","grabsample",110,"sm9222e","sm9222","membranefiltration"
"984","leau_1086","grabsample",23,"sm9222e","sm9222","membranefiltration"
"985","leau_1087","grabsample",500,"sm9222e","sm9222","membranefiltration"
"986","leau_1090","grabsample",110,"sm9222e","sm9222","membranefiltration"
"987","leau_1094","grabsample",13,"sm9222e","sm9222","membranefiltration"
"988","leau_1085","grabsample",70,"sm9222e","sm9222","membranefiltration"
"989","leau_571","grabsample",170,"sm9222e","sm9222","membranefiltration"
"990","leau_572","grabsample",170,"sm9222e","sm9222","membranefiltration"
"991","leau_574","grabsample",11,"sm9222e","sm9222","membranefiltration"
"992","leau_575","grabsample",300,"sm9222e","sm9222","membranefiltration"
"993","leau_577","grabsample",70,"sm9222e","sm9222","membranefiltration"
"994","leau_579","grabsample",240,"sm9222e","sm9222","membranefiltration"
"995","leau_569","grabsample",23,"sm9222e","sm9222","membranefiltration"
"996","leau_570","grabsample",900,"sm9222e","sm9222","membranefiltration"
"997","leau_573","grabsample",300,"sm9222e","sm9222","membranefiltration"
"998","leau_576","grabsample",500,"sm9222e","sm9222","membranefiltration"
"999","leau_580","grabsample",8,"sm9222e","sm9222","membranefiltration"
"1000","leau_282","grabsample",17,"sm9222e","sm9222","membranefiltration"
"1001","leau_283","grabsample",26,"sm9222e","sm9222","membranefiltration"
"1002","leau_284","grabsample",30,"sm9222e","sm9222","membranefiltration"
"1003","leau_285","grabsample",350,"sm9222e","sm9222","membranefiltration"
"1004","leau_286","grabsample",53,"sm9222e","sm9222","membranefiltration"
"1005","leau_287","grabsample",1600,"sm9222e","sm9222","membranefiltration"
"1006","leau_288","grabsample",280,"sm9222e","sm9222","membranefiltration"
"1007","leau_289","grabsample",280,"sm9222e","sm9222","membranefiltration"
"1008","leau_290","grabsample",34,"sm9222e","sm9222","membranefiltration"
"1009","leau_296","grabsample",110,"sm9222e","sm9222","membranefiltration"
"1010","leau_578","grabsample",123.3,"sm9222e","sm9222","membranefiltration"
"1011","leau_581","grabsample",136.36,"sm9222d","sm9222","membranefiltration"
"1012","leau_582","grabsample",90,"sm9222e","sm9222","membranefiltration"
"1013","leau_583","grabsample",3180,"sm9222e","sm9222","membranefiltration"
"1014","leau_584","grabsample",2700,"sm9222d","sm9222","membranefiltration"
"1015","leau_585","grabsample",360,"sm9222e","sm9222","membranefiltration"
"1016","leau_586","grabsample",227.27,"sm9222d","sm9222","membranefiltration"
"1017","leau_587","grabsample",210,"sm9222d","sm9222","membranefiltration"
"1018","leau_588","grabsample",236.36,"sm9222d","sm9222","membranefiltration"
"1019","leau_1155","grabsample",17,"sm9222d","sm9222","membranefiltration"
"1020","leau_1158","grabsample",230,"sm9222d","sm9222","membranefiltration"
"1021","leau_1157","grabsample",5000,"sm9222d","sm9222","membranefiltration"
"1022","leau_1166","grabsample",13,"sm9222d","sm9222","membranefiltration"
"1023","leau_1167","grabsample",11,"sm9222d","sm9222","membranefiltration"
"1024","leau_1168","grabsample",23,"sm9222d","sm9222","membranefiltration"
"1025","leau_1183","grabsample",130,"sm9222d","sm9222","membranefiltration"
"1026","leau_1161","grabsample",16000,"sm9222d","sm9222","membranefiltration"
"1027","leau_1165","grabsample",170,"sm9222d","sm9222","membranefiltration"
"1028","leau_1169","grabsample",170,"sm9222d","sm9222","membranefiltration"
"1029","leau_1176","grabsample",13,"sm9222d","sm9222","membranefiltration"
"1030","leau_1160","grabsample",16000,"sm9222d","sm9222","membranefiltration"
"1031","leau_1162","grabsample",26,"sm9222d","sm9222","membranefiltration"
"1032","leau_1095","grabsample",30,"sm9222e","sm9222","membranefiltration"
"1033","leau_1096","grabsample",5000,"sm9222e","sm9222","membranefiltration"
"1034","leau_1097","grabsample",30,"sm9222e","sm9222","membranefiltration"
"1035","leau_1098","grabsample",50,"sm9222e","sm9222","membranefiltration"
"1036","leau_1101","grabsample",1300,"sm9222e","sm9222","membranefiltration"
"1037","leau_1103","grabsample",30,"sm9222e","sm9222","membranefiltration"
"1038","leau_1114","grabsample",50,"sm9222e","sm9222","membranefiltration"
"1039","leau_1088","grabsample",50,"sm9222e","sm9222","membranefiltration"
"1040","leau_1089","grabsample",1100,"sm9222e","sm9222","membranefiltration"
"1041","leau_1091","grabsample",3000,"sm9222e","sm9222","membranefiltration"
"1042","leau_1099","grabsample",17,"sm9222e","sm9222","membranefiltration"
"1043","leau_1100","grabsample",80,"sm9222e","sm9222","membranefiltration"
"1044","leau_1092","grabsample",230,"sm9222e","sm9222","membranefiltration"
"1045","leau_291","grabsample",36,"sm9222d","sm9222","membranefiltration"
"1046","leau_294","grabsample",73,"sm9222d","sm9222","membranefiltration"
"1047","leau_295","grabsample",127,"sm9222d","sm9222","membranefiltration"
"1048","leau_299","grabsample",127,"sm9222d","sm9222","membranefiltration"
"1049","leau_300","grabsample",91,"sm9222d","sm9222","membranefiltration"
"1050","leau_307","grabsample",173,"sm9222d","sm9222","membranefiltration"
"1051","leau_292","grabsample",182,"sm9222d","sm9222","membranefiltration"
"1052","leau_297","grabsample",118,"sm9222d","sm9222","membranefiltration"
"1053","leau_293","grabsample",73,"sm9222d","sm9222","membranefiltration"
"1054","leau_590","grabsample",16000,"sm9222d","sm9222","membranefiltration"
"1055","leau_591","grabsample",170,"sm9222d","sm9222","membranefiltration"
"1056","leau_596","grabsample",3000,"sm9222d","sm9222","membranefiltration"
"1057","leau_1170","grabsample",170,"sm9222d","sm9222","membranefiltration"
"1058","leau_1171","grabsample",240,"sm9222d","sm9222","membranefiltration"
"1059","leau_1174","grabsample",110,"sm9222d","sm9222","membranefiltration"
"1060","leau_1104","grabsample",110,"sm9222e","sm9222","membranefiltration"
"1061","leau_1105","grabsample",130,"sm9222e","sm9222","membranefiltration"
"1062","leau_1111","grabsample",140,"sm9222e","sm9222","membranefiltration"
"1063","leau_589","grabsample",16000,"sm9222d","sm9222","membranefiltration"
"1064","leau_592","grabsample",30,"sm9222d","sm9222","membranefiltration"
"1065","leau_593","grabsample",1600,"sm9222d","sm9222","membranefiltration"
"1066","leau_594","grabsample",900,"sm9222d","sm9222","membranefiltration"
"1067","leau_595","grabsample",170,"sm9222d","sm9222","membranefiltration"
"1068","leau_597","grabsample",500,"sm9222d","sm9222","membranefiltration"
"1069","leau_598","grabsample",80,"sm9222d","sm9222","membranefiltration"
"1070","leau_599","grabsample",500,"sm9222d","sm9222","membranefiltration"
"1071","leau_1173","grabsample",80,"sm9222d","sm9222","membranefiltration"
"1072","leau_1175","grabsample",50,"sm9222d","sm9222","membranefiltration"
"1073","leau_1181","grabsample",11,"sm9222d","sm9222","membranefiltration"
"1074","leau_1182","grabsample",110,"sm9222d","sm9222","membranefiltration"
"1075","leau_1172","grabsample",130,"sm9222d","sm9222","membranefiltration"
"1076","leau_1178","grabsample",50,"sm9222d","sm9222","membranefiltration"
"1077","leau_1179","grabsample",17,"sm9222d","sm9222","membranefiltration"
"1078","leau_1180","grabsample",17,"sm9222d","sm9222","membranefiltration"
"1079","leau_1177","grabsample",220,"sm9222d","sm9222","membranefiltration"
"1080","leau_1102","grabsample",50,"sm9222e","sm9222","membranefiltration"
"1081","leau_1106","grabsample",130,"sm9222e","sm9222","membranefiltration"
"1082","leau_1107","grabsample",50,"sm9222e","sm9222","membranefiltration"
"1083","leau_1108","grabsample",50,"sm9222e","sm9222","membranefiltration"
"1084","leau_1109","grabsample",300,"sm9222e","sm9222","membranefiltration"
"1085","leau_1110","grabsample",17,"sm9222e","sm9222","membranefiltration"
"1086","leau_1112","grabsample",900,"sm9222e","sm9222","membranefiltration"
"1087","leau_1115","grabsample",30,"sm9222e","sm9222","membranefiltration"
"1088","leau_1113","grabsample",70,"sm9222e","sm9222","membranefiltration"
"1089","leau_303","grabsample",2400,"sm9222d","sm9222","membranefiltration"
"1090","leau_313","grabsample",1072,"sm9222d","sm9222","membranefiltration"
"1091","leau_318","grabsample",654,"sm9222d","sm9222","membranefiltration"
"1092","leau_302","grabsample",10,"sm9222d","sm9222","membranefiltration"
"1093","leau_304","grabsample",105,"sm9222d","sm9222","membranefiltration"
"1094","leau_305","grabsample",691,"sm9222d","sm9222","membranefiltration"
"1095","leau_306","grabsample",91,"sm9222d","sm9222","membranefiltration"
"1096","leau_309","grabsample",10,"sm9222d","sm9222","membranefiltration"
"1097","leau_310","grabsample",205,"sm9222d","sm9222","membranefiltration"
"1098","leau_311","grabsample",230,"sm9222d","sm9222","membranefiltration"
"1099","leau_317","grabsample",765,"sm9222d","sm9222","membranefiltration"
"1100","leau_1189","grabsample",300,"sm9222d","sm9222","membranefiltration"
"1101","leau_1190","grabsample",800,"sm9222d","sm9222","membranefiltration"
"1102","leau_1186","grabsample",50,"sm9222d","sm9222","membranefiltration"
"1103","leau_1118","grabsample",2000,"sm9222e","sm9222","membranefiltration"
"1104","leau_1121","grabsample",1300,"sm9222e","sm9222","membranefiltration"
"1105","leau_600","grabsample",1200,"sm9222d","sm9222","membranefiltration"
"1106","leau_601","grabsample",380,"sm9222d","sm9222","membranefiltration"
"1107","leau_610","grabsample",1500,"sm9222d","sm9222","membranefiltration"
"1108","leau_1184","grabsample",270,"sm9222d","sm9222","membranefiltration"
"1109","leau_1185","grabsample",50,"sm9222d","sm9222","membranefiltration"
"1110","leau_1188","grabsample",300,"sm9222d","sm9222","membranefiltration"
"1111","leau_1187","grabsample",120,"sm9222d","sm9222","membranefiltration"
"1112","leau_1198","grabsample",110,"sm9222d","sm9222","membranefiltration"
"1113","leau_1195","grabsample",360,"sm9222d","sm9222","membranefiltration"
"1114","leau_1116","grabsample",220,"sm9222e","sm9222","membranefiltration"
"1115","leau_1117","grabsample",240,"sm9222e","sm9222","membranefiltration"
"1116","leau_1120","grabsample",150,"sm9222e","sm9222","membranefiltration"
"1117","leau_1129","grabsample",110,"sm9222e","sm9222","membranefiltration"
"1118","leau_1123","grabsample",1900,"sm9222e","sm9222","membranefiltration"
"1119","leau_1119","grabsample",520,"sm9222e","sm9222","membranefiltration"
"1120","leau_314","grabsample",39,"sm9222d","sm9222","membranefiltration"
"1121","leau_319","grabsample",29,"sm9222d","sm9222","membranefiltration"
"1122","leau_1204","grabsample",120,"sm9222d","sm9222","membranefiltration"
"1123","leau_1207","grabsample",1920,"sm9222d","sm9222","membranefiltration"
"1124","leau_1192","grabsample",20,"sm9222d","sm9222","membranefiltration"
"1125","leau_1126","grabsample",2600,"sm9222e","sm9222","membranefiltration"
"1126","leau_1130","grabsample",115,"sm9222e","sm9222","membranefiltration"
"1127","leau_1131","grabsample",60,"sm9222e","sm9222","membranefiltration"
"1128","leau_316","grabsample",460,"sm9222d","sm9222","membranefiltration"
"1129","leau_320","grabsample",10,"sm9222d","sm9222","membranefiltration"
"1130","leau_322","grabsample",263,"sm9222d","sm9222","membranefiltration"
"1131","leau_323","grabsample",58,"sm9222d","sm9222","membranefiltration"
"1132","leau_324","grabsample",3,"sm9222d","sm9222","membranefiltration"
"1133","leau_326","grabsample",13,"sm9222d","sm9222","membranefiltration"
"1134","leau_607","grabsample",390,"sm9222d","sm9222","membranefiltration"
"1135","leau_609","grabsample",240,"sm9222d","sm9222","membranefiltration"
"1136","leau_1191","grabsample",270,"sm9222d","sm9222","membranefiltration"
"1137","leau_1193","grabsample",190,"sm9222d","sm9222","membranefiltration"
"1138","leau_1194","grabsample",1920,"sm9222d","sm9222","membranefiltration"
"1139","leau_1197","grabsample",130,"sm9222d","sm9222","membranefiltration"
"1140","leau_1199","grabsample",6000,"sm9222d","sm9222","membranefiltration"
"1141","leau_1200","grabsample",175,"sm9222d","sm9222","membranefiltration"
"1142","leau_1201","grabsample",200,"sm9222d","sm9222","membranefiltration"
"1143","leau_1203","grabsample",90,"sm9222d","sm9222","membranefiltration"
"1144","leau_1196","grabsample",420,"sm9222d","sm9222","membranefiltration"
"1145","leau_1124","grabsample",180,"sm9222e","sm9222","membranefiltration"
"1146","leau_1125","grabsample",90,"sm9222e","sm9222","membranefiltration"
"1147","leau_1127","grabsample",100,"sm9222e","sm9222","membranefiltration"
"1148","leau_1128","grabsample",480,"sm9222e","sm9222","membranefiltration"
"1149","leau_1132","grabsample",80,"sm9222e","sm9222","membranefiltration"
"1150","leau_1133","grabsample",1800,"sm9222e","sm9222","membranefiltration"
"1151","leau_1134","grabsample",105,"sm9222e","sm9222","membranefiltration"
"1152","leau_1136","grabsample",110,"sm9222e","sm9222","membranefiltration"
"1153","leau_1140","grabsample",815,"sm9222e","sm9222","membranefiltration"
"1154","leau_618","grabsample",695,"sm9222d","sm9222","membranefiltration"
"1155","leau_602","grabsample",360,"sm9222d","sm9222","membranefiltration"
"1156","leau_603","grabsample",120,"sm9222d","sm9222","membranefiltration"
"1157","leau_604","grabsample",190,"sm9222d","sm9222","membranefiltration"
"1158","leau_605","grabsample",2300,"sm9222d","sm9222","membranefiltration"
"1159","leau_606","grabsample",275,"sm9222d","sm9222","membranefiltration"
"1160","leau_608","grabsample",230,"sm9222d","sm9222","membranefiltration"
"1161","leau_613","grabsample",18240,"sm9222d","sm9222","membranefiltration"
"1162","leau_611","grabsample",190,"sm9222d","sm9222","membranefiltration"
"1163","leau_332","grabsample",3700,"sm9222d","sm9222","membranefiltration"
"1164","leau_334","grabsample",480,"sm9222d","sm9222","membranefiltration"
"1165","leau_335","grabsample",1542,"sm9222d","sm9222","membranefiltration"
"1166","leau_1205","grabsample",500,"sm9222d","sm9222","membranefiltration"
"1167","leau_1208","grabsample",1120,"sm9222d","sm9222","membranefiltration"
"1168","leau_1209","grabsample",100,"sm9222d","sm9222","membranefiltration"
"1169","leau_1141","grabsample",260,"sm9222e","sm9222","membranefiltration"
"1170","leau_1143","grabsample",480,"sm9222e","sm9222","membranefiltration"
"1171","leau_1147","grabsample",100,"sm9222e","sm9222","membranefiltration"
"1172","leau_328","grabsample",170,"sm9222d","sm9222","membranefiltration"
"1173","leau_329","grabsample",245,"sm9222d","sm9222","membranefiltration"
"1174","leau_330","grabsample",10,"sm9222d","sm9222","membranefiltration"
"1175","leau_333","grabsample",3000,"sm9222d","sm9222","membranefiltration"
"1176","leau_336","grabsample",16,"sm9222d","sm9222","membranefiltration"
"1177","leau_337","grabsample",570,"sm9222d","sm9222","membranefiltration"
"1178","leau_338","grabsample",103,"sm9222d","sm9222","membranefiltration"
"1179","leau_622","grabsample",220,"sm9222d","sm9222","membranefiltration"
"1180","leau_624","grabsample",580,"sm9222d","sm9222","membranefiltration"
"1181","leau_612","grabsample",110,"sm9222d","sm9222","membranefiltration"
"1182","leau_1206","grabsample",3600,"sm9222d","sm9222","membranefiltration"
"1183","leau_1210","grabsample",150,"sm9222d","sm9222","membranefiltration"
"1184","leau_1211","grabsample",170,"sm9222d","sm9222","membranefiltration"
"1185","leau_1212","grabsample",80,"sm9222d","sm9222","membranefiltration"
"1186","leau_1213","grabsample",5000,"sm9222d","sm9222","membranefiltration"
"1187","leau_1214","grabsample",180,"sm9222d","sm9222","membranefiltration"
"1188","leau_1215","grabsample",22000,"sm9222d","sm9222","membranefiltration"
"1189","leau_1202","grabsample",100,"sm9222d","sm9222","membranefiltration"
"1190","leau_1135","grabsample",150,"sm9222e","sm9222","membranefiltration"
"1191","leau_1137","grabsample",630,"sm9222e","sm9222","membranefiltration"
"1192","leau_1138","grabsample",3200,"sm9222e","sm9222","membranefiltration"
"1193","leau_1139","grabsample",930,"sm9222e","sm9222","membranefiltration"
"1194","leau_1142","grabsample",300,"sm9222e","sm9222","membranefiltration"
"1195","leau_1144","grabsample",80,"sm9222e","sm9222","membranefiltration"
"1196","leau_1145","grabsample",210,"sm9222e","sm9222","membranefiltration"
"1197","leau_1146","grabsample",3800,"sm9222e","sm9222","membranefiltration"
"1198","leau_615","grabsample",360,"sm9222d","sm9222","membranefiltration"
"1199","leau_616","grabsample",240,"sm9222d","sm9222","membranefiltration"
"1200","leau_617","grabsample",130,"sm9222d","sm9222","membranefiltration"
"1201","leau_619","grabsample",240,"sm9222d","sm9222","membranefiltration"
"1202","leau_620","grabsample",9400,"sm9222d","sm9222","membranefiltration"
"1203","leau_621","grabsample",80,"sm9222d","sm9222","membranefiltration"
"1204","leau_623","grabsample",2000,"sm9222d","sm9222","membranefiltration"
"1205","leau_614","grabsample",130,"sm9222d","sm9222","membranefiltration"
