"","study_sh","scri_sample_id","date","state","cens.region","epa.l1.ecoreg","epa.l2.ecoreg","tnc.h2o.reg","tnc.terr.reg","h2o.habtat","terrhabtat","huc2.nm.nhd","usda.regions","epa.regions","fresh","water_type","water_typem","water_typeg","water_typec","sample_type","ec","ec_methodf","ec_methodm","ec_methodc"
"1","swamp","swanc_10040","2021-11-02","ca","Pacific","MEDITERRANEAN CALIFORNIA","MEDITERRANEAN CALIFORNIA","Sacramento - San Joaquin","Great Central Valley","temperate coastal rivers","Mediterranean Forests, Woodlands and Scrub","California Region","Pacific","Pacific","freshwater","river","river","surfacewater","stream/river","grabsample",33.6,"sm9221f","mpn","mpn"
"2","swamp","swanc_10041","2021-10-27","ca","Pacific","MEDITERRANEAN CALIFORNIA","MEDITERRANEAN CALIFORNIA","Sacramento - San Joaquin","Great Central Valley","temperate coastal rivers","Mediterranean Forests, Woodlands and Scrub","California Region","Pacific","Pacific","freshwater","river","river","surfacewater","stream/river","grabsample",178.9,"sm9221f","mpn","mpn"
"3","swamp","swanc_10049","2021-08-31","ca","Pacific","MEDITERRANEAN CALIFORNIA","MEDITERRANEAN CALIFORNIA","Sacramento - San Joaquin","Great Central Valley","temperate coastal rivers","Mediterranean Forests, Woodlands and Scrub","California Region","Pacific","Pacific","freshwater","river","river","surfacewater","stream/river","grabsample",68.9,"sm9221f","mpn","mpn"
"4","swamp","swanc_10036","2021-11-30","ca","Pacific","MEDITERRANEAN CALIFORNIA","MEDITERRANEAN CALIFORNIA","Sacramento - San Joaquin","Great Central Valley","temperate coastal rivers","Mediterranean Forests, Woodlands and Scrub","California Region","Pacific","Pacific","freshwater","river","river","surfacewater","stream/river","grabsample",24.9,"sm9221f","mpn","mpn"
"5","swamp","swanc_10050","2021-08-24","ca","Pacific","MEDITERRANEAN CALIFORNIA","MEDITERRANEAN CALIFORNIA","Sacramento - San Joaquin","Great Central Valley","temperate coastal rivers","Mediterranean Forests, Woodlands and Scrub","California Region","Pacific","Pacific","freshwater","river","river","surfacewater","stream/river","grabsample",28.5,"sm9221f","mpn","mpn"
"6","swamp","swanc_10044","2021-10-05","ca","Pacific","MEDITERRANEAN CALIFORNIA","MEDITERRANEAN CALIFORNIA","Sacramento - San Joaquin","Great Central Valley","temperate coastal rivers","Mediterranean Forests, Woodlands and Scrub","California Region","Pacific","Pacific","freshwater","river","river","surfacewater","stream/river","grabsample",24.3,"sm9221f","mpn","mpn"
"7","swamp","swanc_10051","2021-08-17","ca","Pacific","MEDITERRANEAN CALIFORNIA","MEDITERRANEAN CALIFORNIA","Sacramento - San Joaquin","Great Central Valley","temperate coastal rivers","Mediterranean Forests, Woodlands and Scrub","California Region","Pacific","Pacific","freshwater","river","river","surfacewater","stream/river","grabsample",365.4,"sm9221f","mpn","mpn"
"8","swamp","swanc_10037","2021-11-23","ca","Pacific","MEDITERRANEAN CALIFORNIA","MEDITERRANEAN CALIFORNIA","Sacramento - San Joaquin","Great Central Valley","temperate coastal rivers","Mediterranean Forests, Woodlands and Scrub","California Region","Pacific","Pacific","freshwater","river","river","surfacewater","stream/river","grabsample",23.3,"sm9221f","mpn","mpn"
"9","swamp","swanc_10038","2021-11-16","ca","Pacific","MEDITERRANEAN CALIFORNIA","MEDITERRANEAN CALIFORNIA","Sacramento - San Joaquin","Great Central Valley","temperate coastal rivers","Mediterranean Forests, Woodlands and Scrub","California Region","Pacific","Pacific","freshwater","river","river","surfacewater","stream/river","grabsample",21.1,"sm9221f","mpn","mpn"
"10","swamp","swanc_10043","2021-10-12","ca","Pacific","MEDITERRANEAN CALIFORNIA","MEDITERRANEAN CALIFORNIA","Sacramento - San Joaquin","Great Central Valley","temperate coastal rivers","Mediterranean Forests, Woodlands and Scrub","California Region","Pacific","Pacific","freshwater","river","river","surfacewater","stream/river","grabsample",20.3,"sm9221f","mpn","mpn"
"11","swamp","swanc_10047","2021-09-14","ca","Pacific","MEDITERRANEAN CALIFORNIA","MEDITERRANEAN CALIFORNIA","Sacramento - San Joaquin","Great Central Valley","temperate coastal rivers","Mediterranean Forests, Woodlands and Scrub","California Region","Pacific","Pacific","freshwater","river","river","surfacewater","stream/river","grabsample",31.5,"sm9221f","mpn","mpn"
"12","swamp","swanc_10048","2021-09-07","ca","Pacific","MEDITERRANEAN CALIFORNIA","MEDITERRANEAN CALIFORNIA","Sacramento - San Joaquin","Great Central Valley","temperate coastal rivers","Mediterranean Forests, Woodlands and Scrub","California Region","Pacific","Pacific","freshwater","river","river","surfacewater","stream/river","grabsample",25.6,"sm9221f","mpn","mpn"
"13","swamp","swanc_10039","2021-11-09","ca","Pacific","MEDITERRANEAN CALIFORNIA","MEDITERRANEAN CALIFORNIA","Sacramento - San Joaquin","Great Central Valley","temperate coastal rivers","Mediterranean Forests, Woodlands and Scrub","California Region","Pacific","Pacific","freshwater","river","river","surfacewater","stream/river","grabsample",1986.3,"sm9221f","mpn","mpn"
"14","swamp","swanc_10045","2021-09-28","ca","Pacific","MEDITERRANEAN CALIFORNIA","MEDITERRANEAN CALIFORNIA","Sacramento - San Joaquin","Great Central Valley","temperate coastal rivers","Mediterranean Forests, Woodlands and Scrub","California Region","Pacific","Pacific","freshwater","river","river","surfacewater","stream/river","grabsample",60.2,"sm9221f","mpn","mpn"
"15","swamp","swanc_10046","2021-09-21","ca","Pacific","MEDITERRANEAN CALIFORNIA","MEDITERRANEAN CALIFORNIA","Sacramento - San Joaquin","Great Central Valley","temperate coastal rivers","Mediterranean Forests, Woodlands and Scrub","California Region","Pacific","Pacific","freshwater","river","river","surfacewater","stream/river","grabsample",43.2,"sm9221f","mpn","mpn"
"16","swamp","swanc_10042","2021-10-19","ca","Pacific","MEDITERRANEAN CALIFORNIA","MEDITERRANEAN CALIFORNIA","Sacramento - San Joaquin","Great Central Valley","temperate coastal rivers","Mediterranean Forests, Woodlands and Scrub","California Region","Pacific","Pacific","freshwater","river","river","surfacewater","stream/river","grabsample",579.4,"sm9221f","mpn","mpn"
"17","swamp","swanc_10098","2021-08-24","ca","Pacific","MEDITERRANEAN CALIFORNIA","MEDITERRANEAN CALIFORNIA","Sacramento - San Joaquin","Great Central Valley","temperate coastal rivers","Mediterranean Forests, Woodlands and Scrub","California Region","Pacific","Pacific","freshwater","river","river","surfacewater","stream/river","grabsample",7.3,"sm9221f","mpn","mpn"
"18","swamp","swanc_10096","2021-09-07","ca","Pacific","MEDITERRANEAN CALIFORNIA","MEDITERRANEAN CALIFORNIA","Sacramento - San Joaquin","Great Central Valley","temperate coastal rivers","Mediterranean Forests, Woodlands and Scrub","California Region","Pacific","Pacific","freshwater","river","river","surfacewater","stream/river","grabsample",12.1,"sm9221f","mpn","mpn"
"19","swamp","swanc_10093","2021-09-28","ca","Pacific","MEDITERRANEAN CALIFORNIA","MEDITERRANEAN CALIFORNIA","Sacramento - San Joaquin","Great Central Valley","temperate coastal rivers","Mediterranean Forests, Woodlands and Scrub","California Region","Pacific","Pacific","freshwater","river","river","surfacewater","stream/river","grabsample",29.2,"sm9221f","mpn","mpn"
"20","swamp","swanc_10086","2021-11-16","ca","Pacific","MEDITERRANEAN CALIFORNIA","MEDITERRANEAN CALIFORNIA","Sacramento - San Joaquin","Great Central Valley","temperate coastal rivers","Mediterranean Forests, Woodlands and Scrub","California Region","Pacific","Pacific","freshwater","river","river","surfacewater","stream/river","grabsample",27.2,"sm9221f","mpn","mpn"
"21","swamp","swanc_10089","2021-10-27","ca","Pacific","MEDITERRANEAN CALIFORNIA","MEDITERRANEAN CALIFORNIA","Sacramento - San Joaquin","Great Central Valley","temperate coastal rivers","Mediterranean Forests, Woodlands and Scrub","California Region","Pacific","Pacific","freshwater","river","river","surfacewater","stream/river","grabsample",77.1,"sm9221f","mpn","mpn"
"22","swamp","swanc_10099","2021-08-17","ca","Pacific","MEDITERRANEAN CALIFORNIA","MEDITERRANEAN CALIFORNIA","Sacramento - San Joaquin","Great Central Valley","temperate coastal rivers","Mediterranean Forests, Woodlands and Scrub","California Region","Pacific","Pacific","freshwater","river","river","surfacewater","stream/river","grabsample",11,"sm9221f","mpn","mpn"
"23","swamp","swanc_10087","2021-11-09","ca","Pacific","MEDITERRANEAN CALIFORNIA","MEDITERRANEAN CALIFORNIA","Sacramento - San Joaquin","Great Central Valley","temperate coastal rivers","Mediterranean Forests, Woodlands and Scrub","California Region","Pacific","Pacific","freshwater","river","river","surfacewater","stream/river","grabsample",648.8,"sm9221f","mpn","mpn"
"24","swamp","swanc_10091","2021-10-12","ca","Pacific","MEDITERRANEAN CALIFORNIA","MEDITERRANEAN CALIFORNIA","Sacramento - San Joaquin","Great Central Valley","temperate coastal rivers","Mediterranean Forests, Woodlands and Scrub","California Region","Pacific","Pacific","freshwater","river","river","surfacewater","stream/river","grabsample",7.5,"sm9221f","mpn","mpn"
"25","swamp","swanc_10092","2021-10-05","ca","Pacific","MEDITERRANEAN CALIFORNIA","MEDITERRANEAN CALIFORNIA","Sacramento - San Joaquin","Great Central Valley","temperate coastal rivers","Mediterranean Forests, Woodlands and Scrub","California Region","Pacific","Pacific","freshwater","river","river","surfacewater","stream/river","grabsample",21.4,"sm9221f","mpn","mpn"
"26","swamp","swanc_10090","2021-10-19","ca","Pacific","MEDITERRANEAN CALIFORNIA","MEDITERRANEAN CALIFORNIA","Sacramento - San Joaquin","Great Central Valley","temperate coastal rivers","Mediterranean Forests, Woodlands and Scrub","California Region","Pacific","Pacific","freshwater","river","river","surfacewater","stream/river","grabsample",16,"sm9221f","mpn","mpn"
"27","swamp","swanc_10084","2021-11-30","ca","Pacific","MEDITERRANEAN CALIFORNIA","MEDITERRANEAN CALIFORNIA","Sacramento - San Joaquin","Great Central Valley","temperate coastal rivers","Mediterranean Forests, Woodlands and Scrub","California Region","Pacific","Pacific","freshwater","river","river","surfacewater","stream/river","grabsample",14.8,"sm9221f","mpn","mpn"
"28","swamp","swanc_10095","2021-09-14","ca","Pacific","MEDITERRANEAN CALIFORNIA","MEDITERRANEAN CALIFORNIA","Sacramento - San Joaquin","Great Central Valley","temperate coastal rivers","Mediterranean Forests, Woodlands and Scrub","California Region","Pacific","Pacific","freshwater","river","river","surfacewater","stream/river","grabsample",7.4,"sm9221f","mpn","mpn"
"29","swamp","swanc_10094","2021-09-21","ca","Pacific","MEDITERRANEAN CALIFORNIA","MEDITERRANEAN CALIFORNIA","Sacramento - San Joaquin","Great Central Valley","temperate coastal rivers","Mediterranean Forests, Woodlands and Scrub","California Region","Pacific","Pacific","freshwater","river","river","surfacewater","stream/river","grabsample",25.6,"sm9221f","mpn","mpn"
"30","swamp","swanc_10097","2021-08-31","ca","Pacific","MEDITERRANEAN CALIFORNIA","MEDITERRANEAN CALIFORNIA","Sacramento - San Joaquin","Great Central Valley","temperate coastal rivers","Mediterranean Forests, Woodlands and Scrub","California Region","Pacific","Pacific","freshwater","river","river","surfacewater","stream/river","grabsample",7.5,"sm9221f","mpn","mpn"
"31","swamp","swanc_10085","2021-11-23","ca","Pacific","MEDITERRANEAN CALIFORNIA","MEDITERRANEAN CALIFORNIA","Sacramento - San Joaquin","Great Central Valley","temperate coastal rivers","Mediterranean Forests, Woodlands and Scrub","California Region","Pacific","Pacific","freshwater","river","river","surfacewater","stream/river","grabsample",39.9,"sm9221f","mpn","mpn"
"32","swamp","swanc_10088","2021-11-02","ca","Pacific","MEDITERRANEAN CALIFORNIA","MEDITERRANEAN CALIFORNIA","Sacramento - San Joaquin","Great Central Valley","temperate coastal rivers","Mediterranean Forests, Woodlands and Scrub","California Region","Pacific","Pacific","freshwater","river","river","surfacewater","stream/river","grabsample",46.5,"sm9221f","mpn","mpn"
"33","swamp","swanc_10075","2021-10-12","ca","Pacific","MEDITERRANEAN CALIFORNIA","MEDITERRANEAN CALIFORNIA","Sacramento - San Joaquin","Great Central Valley","temperate coastal rivers","Mediterranean Forests, Woodlands and Scrub","California Region","Pacific","Pacific","freshwater","river","river","surfacewater","stream/river","grabsample",117.8,"sm9221f","mpn","mpn"
"34","swamp","swanc_10071","2021-11-09","ca","Pacific","MEDITERRANEAN CALIFORNIA","MEDITERRANEAN CALIFORNIA","Sacramento - San Joaquin","Great Central Valley","temperate coastal rivers","Mediterranean Forests, Woodlands and Scrub","California Region","Pacific","Pacific","freshwater","river","river","surfacewater","stream/river","grabsample",686.7,"sm9221f","mpn","mpn"
"35","swamp","swanc_10078","2021-09-21","ca","Pacific","MEDITERRANEAN CALIFORNIA","MEDITERRANEAN CALIFORNIA","Sacramento - San Joaquin","Great Central Valley","temperate coastal rivers","Mediterranean Forests, Woodlands and Scrub","California Region","Pacific","Pacific","freshwater","river","river","surfacewater","stream/river","grabsample",18.9,"sm9221f","mpn","mpn"
"36","swamp","swanc_10077","2021-09-28","ca","Pacific","MEDITERRANEAN CALIFORNIA","MEDITERRANEAN CALIFORNIA","Sacramento - San Joaquin","Great Central Valley","temperate coastal rivers","Mediterranean Forests, Woodlands and Scrub","California Region","Pacific","Pacific","freshwater","river","river","surfacewater","stream/river","grabsample",45.5,"sm9221f","mpn","mpn"
"37","swamp","swanc_10073","2021-10-27","ca","Pacific","MEDITERRANEAN CALIFORNIA","MEDITERRANEAN CALIFORNIA","Sacramento - San Joaquin","Great Central Valley","temperate coastal rivers","Mediterranean Forests, Woodlands and Scrub","California Region","Pacific","Pacific","freshwater","river","river","surfacewater","stream/river","grabsample",129.6,"sm9221f","mpn","mpn"
"38","swamp","swanc_10080","2021-09-07","ca","Pacific","MEDITERRANEAN CALIFORNIA","MEDITERRANEAN CALIFORNIA","Sacramento - San Joaquin","Great Central Valley","temperate coastal rivers","Mediterranean Forests, Woodlands and Scrub","California Region","Pacific","Pacific","freshwater","river","river","surfacewater","stream/river","grabsample",30.5,"sm9221f","mpn","mpn"
"39","swamp","swanc_10070","2021-11-16","ca","Pacific","MEDITERRANEAN CALIFORNIA","MEDITERRANEAN CALIFORNIA","Sacramento - San Joaquin","Great Central Valley","temperate coastal rivers","Mediterranean Forests, Woodlands and Scrub","California Region","Pacific","Pacific","freshwater","river","river","surfacewater","stream/river","grabsample",37.3,"sm9221f","mpn","mpn"
"40","swamp","swanc_10068","2021-11-30","ca","Pacific","MEDITERRANEAN CALIFORNIA","MEDITERRANEAN CALIFORNIA","Sacramento - San Joaquin","Great Central Valley","temperate coastal rivers","Mediterranean Forests, Woodlands and Scrub","California Region","Pacific","Pacific","freshwater","river","river","surfacewater","stream/river","grabsample",360.9,"sm9221f","mpn","mpn"
"41","swamp","swanc_10081","2021-08-31","ca","Pacific","MEDITERRANEAN CALIFORNIA","MEDITERRANEAN CALIFORNIA","Sacramento - San Joaquin","Great Central Valley","temperate coastal rivers","Mediterranean Forests, Woodlands and Scrub","California Region","Pacific","Pacific","freshwater","river","river","surfacewater","stream/river","grabsample",7.3,"sm9221f","mpn","mpn"
"42","swamp","swanc_10069","2021-11-23","ca","Pacific","MEDITERRANEAN CALIFORNIA","MEDITERRANEAN CALIFORNIA","Sacramento - San Joaquin","Great Central Valley","temperate coastal rivers","Mediterranean Forests, Woodlands and Scrub","California Region","Pacific","Pacific","freshwater","river","river","surfacewater","stream/river","grabsample",19.7,"sm9221f","mpn","mpn"
"43","swamp","swanc_10074","2021-10-19","ca","Pacific","MEDITERRANEAN CALIFORNIA","MEDITERRANEAN CALIFORNIA","Sacramento - San Joaquin","Great Central Valley","temperate coastal rivers","Mediterranean Forests, Woodlands and Scrub","California Region","Pacific","Pacific","freshwater","river","river","surfacewater","stream/river","grabsample",28.8,"sm9221f","mpn","mpn"
"44","swamp","swanc_10083","2021-08-17","ca","Pacific","MEDITERRANEAN CALIFORNIA","MEDITERRANEAN CALIFORNIA","Sacramento - San Joaquin","Great Central Valley","temperate coastal rivers","Mediterranean Forests, Woodlands and Scrub","California Region","Pacific","Pacific","freshwater","river","river","surfacewater","stream/river","grabsample",17.3,"sm9221f","mpn","mpn"
"45","swamp","swanc_10076","2021-10-05","ca","Pacific","MEDITERRANEAN CALIFORNIA","MEDITERRANEAN CALIFORNIA","Sacramento - San Joaquin","Great Central Valley","temperate coastal rivers","Mediterranean Forests, Woodlands and Scrub","California Region","Pacific","Pacific","freshwater","river","river","surfacewater","stream/river","grabsample",10.8,"sm9221f","mpn","mpn"
"46","swamp","swanc_10079","2021-09-14","ca","Pacific","MEDITERRANEAN CALIFORNIA","MEDITERRANEAN CALIFORNIA","Sacramento - San Joaquin","Great Central Valley","temperate coastal rivers","Mediterranean Forests, Woodlands and Scrub","California Region","Pacific","Pacific","freshwater","river","river","surfacewater","stream/river","grabsample",35.9,"sm9221f","mpn","mpn"
"47","swamp","swanc_10072","2021-11-02","ca","Pacific","MEDITERRANEAN CALIFORNIA","MEDITERRANEAN CALIFORNIA","Sacramento - San Joaquin","Great Central Valley","temperate coastal rivers","Mediterranean Forests, Woodlands and Scrub","California Region","Pacific","Pacific","freshwater","river","river","surfacewater","stream/river","grabsample",34.1,"sm9221f","mpn","mpn"
"48","swamp","swanc_10082","2021-08-24","ca","Pacific","MEDITERRANEAN CALIFORNIA","MEDITERRANEAN CALIFORNIA","Sacramento - San Joaquin","Great Central Valley","temperate coastal rivers","Mediterranean Forests, Woodlands and Scrub","California Region","Pacific","Pacific","freshwater","river","river","surfacewater","stream/river","grabsample",8.6,"sm9221f","mpn","mpn"
"49","swamp","swanc_10102","2021-11-16","ca","Pacific","MEDITERRANEAN CALIFORNIA","MEDITERRANEAN CALIFORNIA","Sacramento - San Joaquin","Great Central Valley","temperate coastal rivers","Mediterranean Forests, Woodlands and Scrub","California Region","Pacific","Pacific","freshwater","river","river","surfacewater","stream/river","grabsample",34.5,"sm9221f","mpn","mpn"
"50","swamp","swanc_10110","2021-09-21","ca","Pacific","MEDITERRANEAN CALIFORNIA","MEDITERRANEAN CALIFORNIA","Sacramento - San Joaquin","Great Central Valley","temperate coastal rivers","Mediterranean Forests, Woodlands and Scrub","California Region","Pacific","Pacific","freshwater","river","river","surfacewater","stream/river","grabsample",143,"sm9221f","mpn","mpn"
"51","swamp","swanc_10112","2021-09-07","ca","Pacific","MEDITERRANEAN CALIFORNIA","MEDITERRANEAN CALIFORNIA","Sacramento - San Joaquin","Great Central Valley","temperate coastal rivers","Mediterranean Forests, Woodlands and Scrub","California Region","Pacific","Pacific","freshwater","river","river","surfacewater","stream/river","grabsample",12.2,"sm9221f","mpn","mpn"
"52","swamp","swanc_10109","2021-09-28","ca","Pacific","MEDITERRANEAN CALIFORNIA","MEDITERRANEAN CALIFORNIA","Sacramento - San Joaquin","Great Central Valley","temperate coastal rivers","Mediterranean Forests, Woodlands and Scrub","California Region","Pacific","Pacific","freshwater","river","river","surfacewater","stream/river","grabsample",75.4,"sm9221f","mpn","mpn"
"53","swamp","swanc_10100","2021-11-30","ca","Pacific","MEDITERRANEAN CALIFORNIA","MEDITERRANEAN CALIFORNIA","Sacramento - San Joaquin","Great Central Valley","temperate coastal rivers","Mediterranean Forests, Woodlands and Scrub","California Region","Pacific","Pacific","freshwater","river","river","surfacewater","stream/river","grabsample",235.9,"sm9221f","mpn","mpn"
"54","swamp","swanc_10108","2021-10-05","ca","Pacific","MEDITERRANEAN CALIFORNIA","MEDITERRANEAN CALIFORNIA","Sacramento - San Joaquin","Great Central Valley","temperate coastal rivers","Mediterranean Forests, Woodlands and Scrub","California Region","Pacific","Pacific","freshwater","river","river","surfacewater","stream/river","grabsample",38.8,"sm9221f","mpn","mpn"
"55","swamp","swanc_10105","2021-10-27","ca","Pacific","MEDITERRANEAN CALIFORNIA","MEDITERRANEAN CALIFORNIA","Sacramento - San Joaquin","Great Central Valley","temperate coastal rivers","Mediterranean Forests, Woodlands and Scrub","California Region","Pacific","Pacific","freshwater","river","river","surfacewater","stream/river","grabsample",178.5,"sm9221f","mpn","mpn"
"56","swamp","swanc_10111","2021-09-14","ca","Pacific","MEDITERRANEAN CALIFORNIA","MEDITERRANEAN CALIFORNIA","Sacramento - San Joaquin","Great Central Valley","temperate coastal rivers","Mediterranean Forests, Woodlands and Scrub","California Region","Pacific","Pacific","freshwater","river","river","surfacewater","stream/river","grabsample",18.7,"sm9221f","mpn","mpn"
"57","swamp","swanc_10101","2021-11-23","ca","Pacific","MEDITERRANEAN CALIFORNIA","MEDITERRANEAN CALIFORNIA","Sacramento - San Joaquin","Great Central Valley","temperate coastal rivers","Mediterranean Forests, Woodlands and Scrub","California Region","Pacific","Pacific","freshwater","river","river","surfacewater","stream/river","grabsample",63.1,"sm9221f","mpn","mpn"
"58","swamp","swanc_10106","2021-10-19","ca","Pacific","MEDITERRANEAN CALIFORNIA","MEDITERRANEAN CALIFORNIA","Sacramento - San Joaquin","Great Central Valley","temperate coastal rivers","Mediterranean Forests, Woodlands and Scrub","California Region","Pacific","Pacific","freshwater","river","river","surfacewater","stream/river","grabsample",20.1,"sm9221f","mpn","mpn"
"59","swamp","swanc_10113","2021-08-31","ca","Pacific","MEDITERRANEAN CALIFORNIA","MEDITERRANEAN CALIFORNIA","Sacramento - San Joaquin","Great Central Valley","temperate coastal rivers","Mediterranean Forests, Woodlands and Scrub","California Region","Pacific","Pacific","freshwater","river","river","surfacewater","stream/river","grabsample",14.6,"sm9221f","mpn","mpn"
"60","swamp","swanc_10114","2021-08-24","ca","Pacific","MEDITERRANEAN CALIFORNIA","MEDITERRANEAN CALIFORNIA","Sacramento - San Joaquin","Great Central Valley","temperate coastal rivers","Mediterranean Forests, Woodlands and Scrub","California Region","Pacific","Pacific","freshwater","river","river","surfacewater","stream/river","grabsample",69.1,"sm9221f","mpn","mpn"
"61","swamp","swanc_10115","2021-08-17","ca","Pacific","MEDITERRANEAN CALIFORNIA","MEDITERRANEAN CALIFORNIA","Sacramento - San Joaquin","Great Central Valley","temperate coastal rivers","Mediterranean Forests, Woodlands and Scrub","California Region","Pacific","Pacific","freshwater","river","river","surfacewater","stream/river","grabsample",137.4,"sm9221f","mpn","mpn"
"62","swamp","swanc_10104","2021-11-02","ca","Pacific","MEDITERRANEAN CALIFORNIA","MEDITERRANEAN CALIFORNIA","Sacramento - San Joaquin","Great Central Valley","temperate coastal rivers","Mediterranean Forests, Woodlands and Scrub","California Region","Pacific","Pacific","freshwater","river","river","surfacewater","stream/river","grabsample",289.4,"sm9221f","mpn","mpn"
"63","swamp","swanc_10107","2021-10-12","ca","Pacific","MEDITERRANEAN CALIFORNIA","MEDITERRANEAN CALIFORNIA","Sacramento - San Joaquin","Great Central Valley","temperate coastal rivers","Mediterranean Forests, Woodlands and Scrub","California Region","Pacific","Pacific","freshwater","river","river","surfacewater","stream/river","grabsample",161.6,"sm9221f","mpn","mpn"
"64","swamp","swanc_10103","2021-11-09","ca","Pacific","MEDITERRANEAN CALIFORNIA","MEDITERRANEAN CALIFORNIA","Sacramento - San Joaquin","Great Central Valley","temperate coastal rivers","Mediterranean Forests, Woodlands and Scrub","California Region","Pacific","Pacific","freshwater","river","river","surfacewater","stream/river","grabsample",1413.6,"sm9221f","mpn","mpn"
"65","swamp","swanc_9997","2021-09-28","ca","Pacific","MEDITERRANEAN CALIFORNIA","MEDITERRANEAN CALIFORNIA","Sacramento - San Joaquin","Great Central Valley","temperate coastal rivers","Mediterranean Forests, Woodlands and Scrub","California Region","Pacific","Pacific","freshwater","river","river","surfacewater","stream/river","grabsample",53,"sm9221f","mpn","mpn"
"66","swamp","swanc_9998","2021-09-21","ca","Pacific","MEDITERRANEAN CALIFORNIA","MEDITERRANEAN CALIFORNIA","Sacramento - San Joaquin","Great Central Valley","temperate coastal rivers","Mediterranean Forests, Woodlands and Scrub","California Region","Pacific","Pacific","freshwater","river","river","surfacewater","stream/river","grabsample",21.3,"sm9221f","mpn","mpn"
"67","swamp","swanc_10002","2021-08-24","ca","Pacific","MEDITERRANEAN CALIFORNIA","MEDITERRANEAN CALIFORNIA","Sacramento - San Joaquin","Great Central Valley","temperate coastal rivers","Mediterranean Forests, Woodlands and Scrub","California Region","Pacific","Pacific","freshwater","river","river","surfacewater","stream/river","grabsample",17.3,"sm9221f","mpn","mpn"
"68","swamp","swanc_10001","2021-08-31","ca","Pacific","MEDITERRANEAN CALIFORNIA","MEDITERRANEAN CALIFORNIA","Sacramento - San Joaquin","Great Central Valley","temperate coastal rivers","Mediterranean Forests, Woodlands and Scrub","California Region","Pacific","Pacific","freshwater","river","river","surfacewater","stream/river","grabsample",69.7,"sm9221f","mpn","mpn"
"69","swamp","swanc_10003","2021-08-17","ca","Pacific","MEDITERRANEAN CALIFORNIA","MEDITERRANEAN CALIFORNIA","Sacramento - San Joaquin","Great Central Valley","temperate coastal rivers","Mediterranean Forests, Woodlands and Scrub","California Region","Pacific","Pacific","freshwater","river","river","surfacewater","stream/river","grabsample",25.6,"sm9221f","mpn","mpn"
"70","swamp","swanc_9999","2021-09-14","ca","Pacific","MEDITERRANEAN CALIFORNIA","MEDITERRANEAN CALIFORNIA","Sacramento - San Joaquin","Great Central Valley","temperate coastal rivers","Mediterranean Forests, Woodlands and Scrub","California Region","Pacific","Pacific","freshwater","river","river","surfacewater","stream/river","grabsample",59.1,"sm9221f","mpn","mpn"
"71","swamp","swanc_10000","2021-09-07","ca","Pacific","MEDITERRANEAN CALIFORNIA","MEDITERRANEAN CALIFORNIA","Sacramento - San Joaquin","Great Central Valley","temperate coastal rivers","Mediterranean Forests, Woodlands and Scrub","California Region","Pacific","Pacific","freshwater","river","river","surfacewater","stream/river","grabsample",48.8,"sm9221f","mpn","mpn"
"72","swamp","swanc_10123","2021-10-12","ca","Pacific","MEDITERRANEAN CALIFORNIA","MEDITERRANEAN CALIFORNIA","Sacramento - San Joaquin","Great Central Valley","temperate coastal rivers","Mediterranean Forests, Woodlands and Scrub","California Region","Pacific","Pacific","freshwater","river","river","surfacewater","stream/river","grabsample",686.7,"sm9221f","mpn","mpn"
"73","swamp","swanc_10124","2021-10-05","ca","Pacific","MEDITERRANEAN CALIFORNIA","MEDITERRANEAN CALIFORNIA","Sacramento - San Joaquin","Great Central Valley","temperate coastal rivers","Mediterranean Forests, Woodlands and Scrub","California Region","Pacific","Pacific","freshwater","river","river","surfacewater","stream/river","grabsample",2419.6,"sm9221f","mpn","mpn"
"74","swamp","swanc_10130","2021-08-24","ca","Pacific","MEDITERRANEAN CALIFORNIA","MEDITERRANEAN CALIFORNIA","Sacramento - San Joaquin","Great Central Valley","temperate coastal rivers","Mediterranean Forests, Woodlands and Scrub","California Region","Pacific","Pacific","freshwater","river","river","surfacewater","stream/river","grabsample",2419.6,"sm9221f","mpn","mpn"
"75","swamp","swanc_10118","2021-11-16","ca","Pacific","MEDITERRANEAN CALIFORNIA","MEDITERRANEAN CALIFORNIA","Sacramento - San Joaquin","Great Central Valley","temperate coastal rivers","Mediterranean Forests, Woodlands and Scrub","California Region","Pacific","Pacific","freshwater","river","river","surfacewater","stream/river","grabsample",261.3,"sm9221f","mpn","mpn"
"76","swamp","swanc_10117","2021-11-23","ca","Pacific","MEDITERRANEAN CALIFORNIA","MEDITERRANEAN CALIFORNIA","Sacramento - San Joaquin","Great Central Valley","temperate coastal rivers","Mediterranean Forests, Woodlands and Scrub","California Region","Pacific","Pacific","freshwater","river","river","surfacewater","stream/river","grabsample",201.4,"sm9221f","mpn","mpn"
"77","swamp","swanc_10119","2021-11-09","ca","Pacific","MEDITERRANEAN CALIFORNIA","MEDITERRANEAN CALIFORNIA","Sacramento - San Joaquin","Great Central Valley","temperate coastal rivers","Mediterranean Forests, Woodlands and Scrub","California Region","Pacific","Pacific","freshwater","river","river","surfacewater","stream/river","grabsample",2419.6,"sm9221f","mpn","mpn"
"78","swamp","swanc_10122","2021-10-19","ca","Pacific","MEDITERRANEAN CALIFORNIA","MEDITERRANEAN CALIFORNIA","Sacramento - San Joaquin","Great Central Valley","temperate coastal rivers","Mediterranean Forests, Woodlands and Scrub","California Region","Pacific","Pacific","freshwater","river","river","surfacewater","stream/river","grabsample",116.2,"sm9221f","mpn","mpn"
"79","swamp","swanc_10116","2021-11-30","ca","Pacific","MEDITERRANEAN CALIFORNIA","MEDITERRANEAN CALIFORNIA","Sacramento - San Joaquin","Great Central Valley","temperate coastal rivers","Mediterranean Forests, Woodlands and Scrub","California Region","Pacific","Pacific","freshwater","river","river","surfacewater","stream/river","grabsample",111.2,"sm9221f","mpn","mpn"
"80","swamp","swanc_10125","2021-09-28","ca","Pacific","MEDITERRANEAN CALIFORNIA","MEDITERRANEAN CALIFORNIA","Sacramento - San Joaquin","Great Central Valley","temperate coastal rivers","Mediterranean Forests, Woodlands and Scrub","California Region","Pacific","Pacific","freshwater","river","river","surfacewater","stream/river","grabsample",30.1,"sm9221f","mpn","mpn"
"81","swamp","swanc_10121","2021-10-27","ca","Pacific","MEDITERRANEAN CALIFORNIA","MEDITERRANEAN CALIFORNIA","Sacramento - San Joaquin","Great Central Valley","temperate coastal rivers","Mediterranean Forests, Woodlands and Scrub","California Region","Pacific","Pacific","freshwater","river","river","surfacewater","stream/river","grabsample",396.8,"sm9221f","mpn","mpn"
"82","swamp","swanc_10128","2021-09-07","ca","Pacific","MEDITERRANEAN CALIFORNIA","MEDITERRANEAN CALIFORNIA","Sacramento - San Joaquin","Great Central Valley","temperate coastal rivers","Mediterranean Forests, Woodlands and Scrub","California Region","Pacific","Pacific","freshwater","river","river","surfacewater","stream/river","grabsample",1119.9,"sm9221f","mpn","mpn"
"83","swamp","swanc_10120","2021-11-02","ca","Pacific","MEDITERRANEAN CALIFORNIA","MEDITERRANEAN CALIFORNIA","Sacramento - San Joaquin","Great Central Valley","temperate coastal rivers","Mediterranean Forests, Woodlands and Scrub","California Region","Pacific","Pacific","freshwater","river","river","surfacewater","stream/river","grabsample",1553.1,"sm9221f","mpn","mpn"
"84","swamp","swanc_10129","2021-08-31","ca","Pacific","MEDITERRANEAN CALIFORNIA","MEDITERRANEAN CALIFORNIA","Sacramento - San Joaquin","Great Central Valley","temperate coastal rivers","Mediterranean Forests, Woodlands and Scrub","California Region","Pacific","Pacific","freshwater","river","river","surfacewater","stream/river","grabsample",75.4,"sm9221f","mpn","mpn"
"85","swamp","swanc_10126","2021-09-21","ca","Pacific","MEDITERRANEAN CALIFORNIA","MEDITERRANEAN CALIFORNIA","Sacramento - San Joaquin","Great Central Valley","temperate coastal rivers","Mediterranean Forests, Woodlands and Scrub","California Region","Pacific","Pacific","freshwater","river","river","surfacewater","stream/river","grabsample",461.1,"sm9221f","mpn","mpn"
"86","swamp","swanc_10127","2021-09-14","ca","Pacific","MEDITERRANEAN CALIFORNIA","MEDITERRANEAN CALIFORNIA","Sacramento - San Joaquin","Great Central Valley","temperate coastal rivers","Mediterranean Forests, Woodlands and Scrub","California Region","Pacific","Pacific","freshwater","river","river","surfacewater","stream/river","grabsample",68.9,"sm9221f","mpn","mpn"
"87","swamp","swanc_10131","2021-08-17","ca","Pacific","MEDITERRANEAN CALIFORNIA","MEDITERRANEAN CALIFORNIA","Sacramento - San Joaquin","Great Central Valley","temperate coastal rivers","Mediterranean Forests, Woodlands and Scrub","California Region","Pacific","Pacific","freshwater","river","river","surfacewater","stream/river","grabsample",307.6,"sm9221f","mpn","mpn"
"88","swamp","swanc_10019","2021-08-17","ca","Pacific","MEDITERRANEAN CALIFORNIA","MEDITERRANEAN CALIFORNIA","Sacramento - San Joaquin","Great Central Valley","temperate coastal rivers","Mediterranean Forests, Woodlands and Scrub","California Region","Pacific","Pacific","freshwater","river","river","surfacewater","stream/river","grabsample",88.4,"sm9221f","mpn","mpn"
"89","swamp","swanc_10005","2021-11-23","ca","Pacific","MEDITERRANEAN CALIFORNIA","MEDITERRANEAN CALIFORNIA","Sacramento - San Joaquin","Great Central Valley","temperate coastal rivers","Mediterranean Forests, Woodlands and Scrub","California Region","Pacific","Pacific","freshwater","river","river","surfacewater","stream/river","grabsample",30.1,"sm9221f","mpn","mpn"
"90","swamp","swanc_10012","2021-10-05","ca","Pacific","MEDITERRANEAN CALIFORNIA","MEDITERRANEAN CALIFORNIA","Sacramento - San Joaquin","Great Central Valley","temperate coastal rivers","Mediterranean Forests, Woodlands and Scrub","California Region","Pacific","Pacific","freshwater","river","river","surfacewater","stream/river","grabsample",73.3,"sm9221f","mpn","mpn"
"91","swamp","swanc_10008","2021-11-02","ca","Pacific","MEDITERRANEAN CALIFORNIA","MEDITERRANEAN CALIFORNIA","Sacramento - San Joaquin","Great Central Valley","temperate coastal rivers","Mediterranean Forests, Woodlands and Scrub","California Region","Pacific","Pacific","freshwater","river","river","surfacewater","stream/river","grabsample",63.1,"sm9221f","mpn","mpn"
"92","swamp","swanc_10017","2021-08-31","ca","Pacific","MEDITERRANEAN CALIFORNIA","MEDITERRANEAN CALIFORNIA","Sacramento - San Joaquin","Great Central Valley","temperate coastal rivers","Mediterranean Forests, Woodlands and Scrub","California Region","Pacific","Pacific","freshwater","river","river","surfacewater","stream/river","grabsample",201.4,"sm9221f","mpn","mpn"
"93","swamp","swanc_10004","2021-11-30","ca","Pacific","MEDITERRANEAN CALIFORNIA","MEDITERRANEAN CALIFORNIA","Sacramento - San Joaquin","Great Central Valley","temperate coastal rivers","Mediterranean Forests, Woodlands and Scrub","California Region","Pacific","Pacific","freshwater","river","river","surfacewater","stream/river","grabsample",48.7,"sm9221f","mpn","mpn"
"94","swamp","swanc_10018","2021-08-24","ca","Pacific","MEDITERRANEAN CALIFORNIA","MEDITERRANEAN CALIFORNIA","Sacramento - San Joaquin","Great Central Valley","temperate coastal rivers","Mediterranean Forests, Woodlands and Scrub","California Region","Pacific","Pacific","freshwater","river","river","surfacewater","stream/river","grabsample",410.6,"sm9221f","mpn","mpn"
"95","swamp","swanc_10006","2021-11-16","ca","Pacific","MEDITERRANEAN CALIFORNIA","MEDITERRANEAN CALIFORNIA","Sacramento - San Joaquin","Great Central Valley","temperate coastal rivers","Mediterranean Forests, Woodlands and Scrub","California Region","Pacific","Pacific","freshwater","river","river","surfacewater","stream/river","grabsample",23.1,"sm9221f","mpn","mpn"
"96","swamp","swanc_10014","2021-09-21","ca","Pacific","MEDITERRANEAN CALIFORNIA","MEDITERRANEAN CALIFORNIA","Sacramento - San Joaquin","Great Central Valley","temperate coastal rivers","Mediterranean Forests, Woodlands and Scrub","California Region","Pacific","Pacific","freshwater","river","river","surfacewater","stream/river","grabsample",13.4,"sm9221f","mpn","mpn"
"97","swamp","swanc_10016","2021-09-07","ca","Pacific","MEDITERRANEAN CALIFORNIA","MEDITERRANEAN CALIFORNIA","Sacramento - San Joaquin","Great Central Valley","temperate coastal rivers","Mediterranean Forests, Woodlands and Scrub","California Region","Pacific","Pacific","freshwater","river","river","surfacewater","stream/river","grabsample",156.5,"sm9221f","mpn","mpn"
"98","swamp","swanc_10010","2021-10-19","ca","Pacific","MEDITERRANEAN CALIFORNIA","MEDITERRANEAN CALIFORNIA","Sacramento - San Joaquin","Great Central Valley","temperate coastal rivers","Mediterranean Forests, Woodlands and Scrub","California Region","Pacific","Pacific","freshwater","river","river","surfacewater","stream/river","grabsample",18.7,"sm9221f","mpn","mpn"
"99","swamp","swanc_10009","2021-10-27","ca","Pacific","MEDITERRANEAN CALIFORNIA","MEDITERRANEAN CALIFORNIA","Sacramento - San Joaquin","Great Central Valley","temperate coastal rivers","Mediterranean Forests, Woodlands and Scrub","California Region","Pacific","Pacific","freshwater","river","river","surfacewater","stream/river","grabsample",235.9,"sm9221f","mpn","mpn"
"100","swamp","swanc_10011","2021-10-12","ca","Pacific","MEDITERRANEAN CALIFORNIA","MEDITERRANEAN CALIFORNIA","Sacramento - San Joaquin","Great Central Valley","temperate coastal rivers","Mediterranean Forests, Woodlands and Scrub","California Region","Pacific","Pacific","freshwater","river","river","surfacewater","stream/river","grabsample",50.4,"sm9221f","mpn","mpn"
"101","swamp","swanc_10013","2021-09-28","ca","Pacific","MEDITERRANEAN CALIFORNIA","MEDITERRANEAN CALIFORNIA","Sacramento - San Joaquin","Great Central Valley","temperate coastal rivers","Mediterranean Forests, Woodlands and Scrub","California Region","Pacific","Pacific","freshwater","river","river","surfacewater","stream/river","grabsample",160.7,"sm9221f","mpn","mpn"
"102","swamp","swanc_10007","2021-11-09","ca","Pacific","MEDITERRANEAN CALIFORNIA","MEDITERRANEAN CALIFORNIA","Sacramento - San Joaquin","Great Central Valley","temperate coastal rivers","Mediterranean Forests, Woodlands and Scrub","California Region","Pacific","Pacific","freshwater","river","river","surfacewater","stream/river","grabsample",325.5,"sm9221f","mpn","mpn"
"103","swamp","swanc_10015","2021-09-14","ca","Pacific","MEDITERRANEAN CALIFORNIA","MEDITERRANEAN CALIFORNIA","Sacramento - San Joaquin","Great Central Valley","temperate coastal rivers","Mediterranean Forests, Woodlands and Scrub","California Region","Pacific","Pacific","freshwater","river","river","surfacewater","stream/river","grabsample",275.5,"sm9221f","mpn","mpn"
"104","swamp","swanc_10057","2021-10-27","ca","Pacific","MEDITERRANEAN CALIFORNIA","MEDITERRANEAN CALIFORNIA","Sacramento - San Joaquin","Great Central Valley","temperate coastal rivers","Mediterranean Forests, Woodlands and Scrub","California Region","Pacific","Pacific","freshwater","river","river","surfacewater","stream/river","grabsample",307.6,"sm9221f","mpn","mpn"
"105","swamp","swanc_10064","2021-09-07","ca","Pacific","MEDITERRANEAN CALIFORNIA","MEDITERRANEAN CALIFORNIA","Sacramento - San Joaquin","Great Central Valley","temperate coastal rivers","Mediterranean Forests, Woodlands and Scrub","California Region","Pacific","Pacific","freshwater","river","river","surfacewater","stream/river","grabsample",218.7,"sm9221f","mpn","mpn"
"106","swamp","swanc_10053","2021-11-23","ca","Pacific","MEDITERRANEAN CALIFORNIA","MEDITERRANEAN CALIFORNIA","Sacramento - San Joaquin","Great Central Valley","temperate coastal rivers","Mediterranean Forests, Woodlands and Scrub","California Region","Pacific","Pacific","freshwater","river","river","surfacewater","stream/river","grabsample",238.2,"sm9221f","mpn","mpn"
"107","swamp","swanc_10059","2021-10-12","ca","Pacific","MEDITERRANEAN CALIFORNIA","MEDITERRANEAN CALIFORNIA","Sacramento - San Joaquin","Great Central Valley","temperate coastal rivers","Mediterranean Forests, Woodlands and Scrub","California Region","Pacific","Pacific","freshwater","river","river","surfacewater","stream/river","grabsample",65,"sm9221f","mpn","mpn"
"108","swamp","swanc_10065","2021-08-31","ca","Pacific","MEDITERRANEAN CALIFORNIA","MEDITERRANEAN CALIFORNIA","Sacramento - San Joaquin","Great Central Valley","temperate coastal rivers","Mediterranean Forests, Woodlands and Scrub","California Region","Pacific","Pacific","freshwater","river","river","surfacewater","stream/river","grabsample",153.9,"sm9221f","mpn","mpn"
"109","swamp","swanc_10062","2021-09-21","ca","Pacific","MEDITERRANEAN CALIFORNIA","MEDITERRANEAN CALIFORNIA","Sacramento - San Joaquin","Great Central Valley","temperate coastal rivers","Mediterranean Forests, Woodlands and Scrub","California Region","Pacific","Pacific","freshwater","river","river","surfacewater","stream/river","grabsample",172.5,"sm9221f","mpn","mpn"
"110","swamp","swanc_10052","2021-11-30","ca","Pacific","MEDITERRANEAN CALIFORNIA","MEDITERRANEAN CALIFORNIA","Sacramento - San Joaquin","Great Central Valley","temperate coastal rivers","Mediterranean Forests, Woodlands and Scrub","California Region","Pacific","Pacific","freshwater","river","river","surfacewater","stream/river","grabsample",40.8,"sm9221f","mpn","mpn"
"111","swamp","swanc_10054","2021-11-16","ca","Pacific","MEDITERRANEAN CALIFORNIA","MEDITERRANEAN CALIFORNIA","Sacramento - San Joaquin","Great Central Valley","temperate coastal rivers","Mediterranean Forests, Woodlands and Scrub","California Region","Pacific","Pacific","freshwater","river","river","surfacewater","stream/river","grabsample",44.6,"sm9221f","mpn","mpn"
"112","swamp","swanc_10060","2021-10-05","ca","Pacific","MEDITERRANEAN CALIFORNIA","MEDITERRANEAN CALIFORNIA","Sacramento - San Joaquin","Great Central Valley","temperate coastal rivers","Mediterranean Forests, Woodlands and Scrub","California Region","Pacific","Pacific","freshwater","river","river","surfacewater","stream/river","grabsample",1299.7,"sm9221f","mpn","mpn"
"113","swamp","swanc_10067","2021-08-17","ca","Pacific","MEDITERRANEAN CALIFORNIA","MEDITERRANEAN CALIFORNIA","Sacramento - San Joaquin","Great Central Valley","temperate coastal rivers","Mediterranean Forests, Woodlands and Scrub","California Region","Pacific","Pacific","freshwater","river","river","surfacewater","stream/river","grabsample",435.2,"sm9221f","mpn","mpn"
"114","swamp","swanc_10056","2021-11-02","ca","Pacific","MEDITERRANEAN CALIFORNIA","MEDITERRANEAN CALIFORNIA","Sacramento - San Joaquin","Great Central Valley","temperate coastal rivers","Mediterranean Forests, Woodlands and Scrub","California Region","Pacific","Pacific","freshwater","river","river","surfacewater","stream/river","grabsample",1732.9,"sm9221f","mpn","mpn"
"115","swamp","swanc_10063","2021-09-14","ca","Pacific","MEDITERRANEAN CALIFORNIA","MEDITERRANEAN CALIFORNIA","Sacramento - San Joaquin","Great Central Valley","temperate coastal rivers","Mediterranean Forests, Woodlands and Scrub","California Region","Pacific","Pacific","freshwater","river","river","surfacewater","stream/river","grabsample",201.4,"sm9221f","mpn","mpn"
"116","swamp","swanc_10055","2021-11-09","ca","Pacific","MEDITERRANEAN CALIFORNIA","MEDITERRANEAN CALIFORNIA","Sacramento - San Joaquin","Great Central Valley","temperate coastal rivers","Mediterranean Forests, Woodlands and Scrub","California Region","Pacific","Pacific","freshwater","river","river","surfacewater","stream/river","grabsample",285.1,"sm9221f","mpn","mpn"
"117","swamp","swanc_10058","2021-10-19","ca","Pacific","MEDITERRANEAN CALIFORNIA","MEDITERRANEAN CALIFORNIA","Sacramento - San Joaquin","Great Central Valley","temperate coastal rivers","Mediterranean Forests, Woodlands and Scrub","California Region","Pacific","Pacific","freshwater","river","river","surfacewater","stream/river","grabsample",105,"sm9221f","mpn","mpn"
"118","swamp","swanc_10061","2021-09-28","ca","Pacific","MEDITERRANEAN CALIFORNIA","MEDITERRANEAN CALIFORNIA","Sacramento - San Joaquin","Great Central Valley","temperate coastal rivers","Mediterranean Forests, Woodlands and Scrub","California Region","Pacific","Pacific","freshwater","river","river","surfacewater","stream/river","grabsample",68.4,"sm9221f","mpn","mpn"
"119","swamp","swanc_10066","2021-08-24","ca","Pacific","MEDITERRANEAN CALIFORNIA","MEDITERRANEAN CALIFORNIA","Sacramento - San Joaquin","Great Central Valley","temperate coastal rivers","Mediterranean Forests, Woodlands and Scrub","California Region","Pacific","Pacific","freshwater","river","river","surfacewater","stream/river","grabsample",228.2,"sm9221f","mpn","mpn"
"120","swamp","swanc_10022","2021-11-16","ca","Pacific","MEDITERRANEAN CALIFORNIA","MEDITERRANEAN CALIFORNIA","Sacramento - San Joaquin","Great Central Valley","temperate coastal rivers","Mediterranean Forests, Woodlands and Scrub","California Region","Pacific","Pacific","freshwater","river","river","surfacewater","stream/river","grabsample",98.7,"sm9221f","mpn","mpn"
"121","swamp","swanc_10035","2021-08-17","ca","Pacific","MEDITERRANEAN CALIFORNIA","MEDITERRANEAN CALIFORNIA","Sacramento - San Joaquin","Great Central Valley","temperate coastal rivers","Mediterranean Forests, Woodlands and Scrub","California Region","Pacific","Pacific","freshwater","river","river","surfacewater","stream/river","grabsample",488.4,"sm9221f","mpn","mpn"
"122","swamp","swanc_10025","2021-10-27","ca","Pacific","MEDITERRANEAN CALIFORNIA","MEDITERRANEAN CALIFORNIA","Sacramento - San Joaquin","Great Central Valley","temperate coastal rivers","Mediterranean Forests, Woodlands and Scrub","California Region","Pacific","Pacific","freshwater","river","river","surfacewater","stream/river","grabsample",378.4,"sm9221f","mpn","mpn"
"123","swamp","swanc_10034","2021-08-24","ca","Pacific","MEDITERRANEAN CALIFORNIA","MEDITERRANEAN CALIFORNIA","Sacramento - San Joaquin","Great Central Valley","temperate coastal rivers","Mediterranean Forests, Woodlands and Scrub","California Region","Pacific","Pacific","freshwater","river","river","surfacewater","stream/river","grabsample",1986.3,"sm9221f","mpn","mpn"
"124","swamp","swanc_10027","2021-10-12","ca","Pacific","MEDITERRANEAN CALIFORNIA","MEDITERRANEAN CALIFORNIA","Sacramento - San Joaquin","Great Central Valley","temperate coastal rivers","Mediterranean Forests, Woodlands and Scrub","California Region","Pacific","Pacific","freshwater","river","river","surfacewater","stream/river","grabsample",53.8,"sm9221f","mpn","mpn"
"125","swamp","swanc_10032","2021-09-07","ca","Pacific","MEDITERRANEAN CALIFORNIA","MEDITERRANEAN CALIFORNIA","Sacramento - San Joaquin","Great Central Valley","temperate coastal rivers","Mediterranean Forests, Woodlands and Scrub","California Region","Pacific","Pacific","freshwater","river","river","surfacewater","stream/river","grabsample",629.4,"sm9221f","mpn","mpn"
"126","swamp","swanc_10026","2021-10-19","ca","Pacific","MEDITERRANEAN CALIFORNIA","MEDITERRANEAN CALIFORNIA","Sacramento - San Joaquin","Great Central Valley","temperate coastal rivers","Mediterranean Forests, Woodlands and Scrub","California Region","Pacific","Pacific","freshwater","river","river","surfacewater","stream/river","grabsample",43.5,"sm9221f","mpn","mpn"
"127","swamp","swanc_10021","2021-11-23","ca","Pacific","MEDITERRANEAN CALIFORNIA","MEDITERRANEAN CALIFORNIA","Sacramento - San Joaquin","Great Central Valley","temperate coastal rivers","Mediterranean Forests, Woodlands and Scrub","California Region","Pacific","Pacific","freshwater","river","river","surfacewater","stream/river","grabsample",387.3,"sm9221f","mpn","mpn"
"128","swamp","swanc_10033","2021-08-31","ca","Pacific","MEDITERRANEAN CALIFORNIA","MEDITERRANEAN CALIFORNIA","Sacramento - San Joaquin","Great Central Valley","temperate coastal rivers","Mediterranean Forests, Woodlands and Scrub","California Region","Pacific","Pacific","freshwater","river","river","surfacewater","stream/river","grabsample",110.6,"sm9221f","mpn","mpn"
"129","swamp","swanc_10024","2021-11-02","ca","Pacific","MEDITERRANEAN CALIFORNIA","MEDITERRANEAN CALIFORNIA","Sacramento - San Joaquin","Great Central Valley","temperate coastal rivers","Mediterranean Forests, Woodlands and Scrub","California Region","Pacific","Pacific","freshwater","river","river","surfacewater","stream/river","grabsample",1732.9,"sm9221f","mpn","mpn"
"130","swamp","swanc_10028","2021-10-05","ca","Pacific","MEDITERRANEAN CALIFORNIA","MEDITERRANEAN CALIFORNIA","Sacramento - San Joaquin","Great Central Valley","temperate coastal rivers","Mediterranean Forests, Woodlands and Scrub","California Region","Pacific","Pacific","freshwater","river","river","surfacewater","stream/river","grabsample",816.4,"sm9221f","mpn","mpn"
"131","swamp","swanc_10023","2021-11-09","ca","Pacific","MEDITERRANEAN CALIFORNIA","MEDITERRANEAN CALIFORNIA","Sacramento - San Joaquin","Great Central Valley","temperate coastal rivers","Mediterranean Forests, Woodlands and Scrub","California Region","Pacific","Pacific","freshwater","river","river","surfacewater","stream/river","grabsample",344.8,"sm9221f","mpn","mpn"
"132","swamp","swanc_10029","2021-09-28","ca","Pacific","MEDITERRANEAN CALIFORNIA","MEDITERRANEAN CALIFORNIA","Sacramento - San Joaquin","Great Central Valley","temperate coastal rivers","Mediterranean Forests, Woodlands and Scrub","California Region","Pacific","Pacific","freshwater","river","river","surfacewater","stream/river","grabsample",344.8,"sm9221f","mpn","mpn"
"133","swamp","swanc_10030","2021-09-21","ca","Pacific","MEDITERRANEAN CALIFORNIA","MEDITERRANEAN CALIFORNIA","Sacramento - San Joaquin","Great Central Valley","temperate coastal rivers","Mediterranean Forests, Woodlands and Scrub","California Region","Pacific","Pacific","freshwater","river","river","surfacewater","stream/river","grabsample",298.7,"sm9221f","mpn","mpn"
"134","swamp","swanc_10020","2021-11-30","ca","Pacific","MEDITERRANEAN CALIFORNIA","MEDITERRANEAN CALIFORNIA","Sacramento - San Joaquin","Great Central Valley","temperate coastal rivers","Mediterranean Forests, Woodlands and Scrub","California Region","Pacific","Pacific","freshwater","river","river","surfacewater","stream/river","grabsample",27.9,"sm9221f","mpn","mpn"
"135","swamp","swanc_10031","2021-09-14","ca","Pacific","MEDITERRANEAN CALIFORNIA","MEDITERRANEAN CALIFORNIA","Sacramento - San Joaquin","Great Central Valley","temperate coastal rivers","Mediterranean Forests, Woodlands and Scrub","California Region","Pacific","Pacific","freshwater","river","river","surfacewater","stream/river","grabsample",298.7,"sm9221f","mpn","mpn"
"136","swamp","swanc_10142","2021-09-21","ca","Pacific","MEDITERRANEAN CALIFORNIA","MEDITERRANEAN CALIFORNIA","Sacramento - San Joaquin","Great Central Valley","temperate coastal rivers","Mediterranean Forests, Woodlands and Scrub","California Region","Pacific","Pacific","freshwater","stream","stream","surfacewater","stream/river","grabsample",119.8,"sm9221f","mpn","mpn"
"137","swamp","swanc_10140","2021-10-05","ca","Pacific","MEDITERRANEAN CALIFORNIA","MEDITERRANEAN CALIFORNIA","Sacramento - San Joaquin","Great Central Valley","temperate coastal rivers","Mediterranean Forests, Woodlands and Scrub","California Region","Pacific","Pacific","freshwater","stream","stream","surfacewater","stream/river","grabsample",102.2,"sm9221f","mpn","mpn"
"138","swamp","swanc_10144","2021-09-07","ca","Pacific","MEDITERRANEAN CALIFORNIA","MEDITERRANEAN CALIFORNIA","Sacramento - San Joaquin","Great Central Valley","temperate coastal rivers","Mediterranean Forests, Woodlands and Scrub","California Region","Pacific","Pacific","freshwater","stream","stream","surfacewater","stream/river","grabsample",313,"sm9221f","mpn","mpn"
"139","swamp","swanc_10145","2021-08-31","ca","Pacific","MEDITERRANEAN CALIFORNIA","MEDITERRANEAN CALIFORNIA","Sacramento - San Joaquin","Great Central Valley","temperate coastal rivers","Mediterranean Forests, Woodlands and Scrub","California Region","Pacific","Pacific","freshwater","stream","stream","surfacewater","stream/river","grabsample",165.8,"sm9221f","mpn","mpn"
"140","swamp","swanc_10141","2021-09-28","ca","Pacific","MEDITERRANEAN CALIFORNIA","MEDITERRANEAN CALIFORNIA","Sacramento - San Joaquin","Great Central Valley","temperate coastal rivers","Mediterranean Forests, Woodlands and Scrub","California Region","Pacific","Pacific","freshwater","stream","stream","surfacewater","stream/river","grabsample",60.2,"sm9221f","mpn","mpn"
"141","swamp","swanc_10143","2021-09-14","ca","Pacific","MEDITERRANEAN CALIFORNIA","MEDITERRANEAN CALIFORNIA","Sacramento - San Joaquin","Great Central Valley","temperate coastal rivers","Mediterranean Forests, Woodlands and Scrub","California Region","Pacific","Pacific","freshwater","stream","stream","surfacewater","stream/river","grabsample",45,"sm9221f","mpn","mpn"
"142","swamp","swanc_10139","2021-10-12","ca","Pacific","MEDITERRANEAN CALIFORNIA","MEDITERRANEAN CALIFORNIA","Sacramento - San Joaquin","Great Central Valley","temperate coastal rivers","Mediterranean Forests, Woodlands and Scrub","California Region","Pacific","Pacific","freshwater","stream","stream","surfacewater","stream/river","grabsample",131.4,"sm9221f","mpn","mpn"
"143","swamp","swanc_10138","2021-10-19","ca","Pacific","MEDITERRANEAN CALIFORNIA","MEDITERRANEAN CALIFORNIA","Sacramento - San Joaquin","Great Central Valley","temperate coastal rivers","Mediterranean Forests, Woodlands and Scrub","California Region","Pacific","Pacific","freshwater","stream","stream","surfacewater","stream/river","grabsample",16.1,"sm9221f","mpn","mpn"
"144","swamp","swanc_10133","2021-11-23","ca","Pacific","MEDITERRANEAN CALIFORNIA","MEDITERRANEAN CALIFORNIA","Sacramento - San Joaquin","Great Central Valley","temperate coastal rivers","Mediterranean Forests, Woodlands and Scrub","California Region","Pacific","Pacific","freshwater","stream","stream","surfacewater","stream/river","grabsample",53.7,"sm9221f","mpn","mpn"
"145","swamp","swanc_10135","2021-11-09","ca","Pacific","MEDITERRANEAN CALIFORNIA","MEDITERRANEAN CALIFORNIA","Sacramento - San Joaquin","Great Central Valley","temperate coastal rivers","Mediterranean Forests, Woodlands and Scrub","California Region","Pacific","Pacific","freshwater","stream","stream","surfacewater","stream/river","grabsample",1119.9,"sm9221f","mpn","mpn"
"146","swamp","swanc_10146","2021-08-24","ca","Pacific","MEDITERRANEAN CALIFORNIA","MEDITERRANEAN CALIFORNIA","Sacramento - San Joaquin","Great Central Valley","temperate coastal rivers","Mediterranean Forests, Woodlands and Scrub","California Region","Pacific","Pacific","freshwater","stream","stream","surfacewater","stream/river","grabsample",27.9,"sm9221f","mpn","mpn"
"147","swamp","swanc_10137","2021-10-27","ca","Pacific","MEDITERRANEAN CALIFORNIA","MEDITERRANEAN CALIFORNIA","Sacramento - San Joaquin","Great Central Valley","temperate coastal rivers","Mediterranean Forests, Woodlands and Scrub","California Region","Pacific","Pacific","freshwater","stream","stream","surfacewater","stream/river","grabsample",686.7,"sm9221f","mpn","mpn"
"148","swamp","swanc_10147","2021-08-17","ca","Pacific","MEDITERRANEAN CALIFORNIA","MEDITERRANEAN CALIFORNIA","Sacramento - San Joaquin","Great Central Valley","temperate coastal rivers","Mediterranean Forests, Woodlands and Scrub","California Region","Pacific","Pacific","freshwater","stream","stream","surfacewater","stream/river","grabsample",129.6,"sm9221f","mpn","mpn"
"149","swamp","swanc_10132","2021-11-30","ca","Pacific","MEDITERRANEAN CALIFORNIA","MEDITERRANEAN CALIFORNIA","Sacramento - San Joaquin","Great Central Valley","temperate coastal rivers","Mediterranean Forests, Woodlands and Scrub","California Region","Pacific","Pacific","freshwater","stream","stream","surfacewater","stream/river","grabsample",101.9,"sm9221f","mpn","mpn"
"150","swamp","swanc_10136","2021-11-02","ca","Pacific","MEDITERRANEAN CALIFORNIA","MEDITERRANEAN CALIFORNIA","Sacramento - San Joaquin","Great Central Valley","temperate coastal rivers","Mediterranean Forests, Woodlands and Scrub","California Region","Pacific","Pacific","freshwater","stream","stream","surfacewater","stream/river","grabsample",135.2,"sm9221f","mpn","mpn"
"151","swamp","swanc_10134","2021-11-16","ca","Pacific","MEDITERRANEAN CALIFORNIA","MEDITERRANEAN CALIFORNIA","Sacramento - San Joaquin","Great Central Valley","temperate coastal rivers","Mediterranean Forests, Woodlands and Scrub","California Region","Pacific","Pacific","freshwater","stream","stream","surfacewater","stream/river","grabsample",325.5,"sm9221f","mpn","mpn"
"152","swamp","swanc_9996","2021-08-17","ca","Pacific","MEDITERRANEAN CALIFORNIA","MEDITERRANEAN CALIFORNIA","Sacramento - San Joaquin","Great Central Valley","temperate coastal rivers","Mediterranean Forests, Woodlands and Scrub","California Region","Pacific","Pacific","freshwater","river","river","surfacewater","stream/river","grabsample",10.1,"sm9221f","mpn","mpn"
"153","swamp","swanc_9994","2021-08-31","ca","Pacific","MEDITERRANEAN CALIFORNIA","MEDITERRANEAN CALIFORNIA","Sacramento - San Joaquin","Great Central Valley","temperate coastal rivers","Mediterranean Forests, Woodlands and Scrub","California Region","Pacific","Pacific","freshwater","river","river","surfacewater","stream/river","grabsample",7.3,"sm9221f","mpn","mpn"
"154","swamp","swanc_9992","2021-09-14","ca","Pacific","MEDITERRANEAN CALIFORNIA","MEDITERRANEAN CALIFORNIA","Sacramento - San Joaquin","Great Central Valley","temperate coastal rivers","Mediterranean Forests, Woodlands and Scrub","California Region","Pacific","Pacific","freshwater","river","river","surfacewater","stream/river","grabsample",11.9,"sm9221f","mpn","mpn"
"155","swamp","swanc_9990","2021-09-28","ca","Pacific","MEDITERRANEAN CALIFORNIA","MEDITERRANEAN CALIFORNIA","Sacramento - San Joaquin","Great Central Valley","temperate coastal rivers","Mediterranean Forests, Woodlands and Scrub","California Region","Pacific","Pacific","freshwater","river","river","surfacewater","stream/river","grabsample",26.9,"sm9221f","mpn","mpn"
"156","swamp","swanc_9993","2021-09-07","ca","Pacific","MEDITERRANEAN CALIFORNIA","MEDITERRANEAN CALIFORNIA","Sacramento - San Joaquin","Great Central Valley","temperate coastal rivers","Mediterranean Forests, Woodlands and Scrub","California Region","Pacific","Pacific","freshwater","river","river","surfacewater","stream/river","grabsample",18.9,"sm9221f","mpn","mpn"
"157","swamp","swanc_9995","2021-08-24","ca","Pacific","MEDITERRANEAN CALIFORNIA","MEDITERRANEAN CALIFORNIA","Sacramento - San Joaquin","Great Central Valley","temperate coastal rivers","Mediterranean Forests, Woodlands and Scrub","California Region","Pacific","Pacific","freshwater","river","river","surfacewater","stream/river","grabsample",8.6,"sm9221f","mpn","mpn"
"158","swamp","swanc_9991","2021-09-21","ca","Pacific","MEDITERRANEAN CALIFORNIA","MEDITERRANEAN CALIFORNIA","Sacramento - San Joaquin","Great Central Valley","temperate coastal rivers","Mediterranean Forests, Woodlands and Scrub","California Region","Pacific","Pacific","freshwater","river","river","surfacewater","stream/river","grabsample",11,"sm9221f","mpn","mpn"
